Frequency - Fgen,Phase - Fgen,Phase - R,Phase - L,Phase - C,,,,
99.9415,-5.16314,-2.30453,353.429,-5.192,0.963342836,0.963342836,0.963342836,0.963342836
149.945,-5.59862,-0.943282,354.714,-5.577,0.963342836,0.963342836,0.963342836,0.963342836
200.044,-5.26079,0.495134,354.911,-5.231,0.963342836,0.963342836,0.963342836,0.963342836
249.97,-5.4665,1.55504,355.241,-5.429,0.963342836,0.963342836,0.963342836,0.963342836
300.083,-5.45807,3.01929,355.417,-5.383,0.963342836,0.963342836,0.963342836,0.963342836
349.989,-5.31539,5.03903,356.05,-5.248,0.963342836,0.963342836,0.963342836,0.963342836
399.916,-5.37873,6.06686,355.729,-5.292,0.963342836,0.963342836,0.963342836,0.963342836
450.015,-5.35147,7.60372,356.671,-5.26,0.963342836,0.963342836,0.963342836,0.963342836
499.939,-5.37185,9.01416,357.078,-5.264,0.963342836,0.963342836,0.963342836,0.963342836
550.04,-5.28229,10.1082,356.48,-5.168,0.963342836,0.963342836,0.963342836,0.963342836
650.066,-5.26582,13.6091,356.923,-5.139,0.963342836,0.963342836,0.963342836,0.963342836
699.986,-5.02561,14.5619,357.686,-4.897,0.963342836,0.963342836,0.963342836,0.963342836
750.09,-5.24727,15.632,357.571,-5.09,0.963342836,0.963342836,0.963342836,0.963342836
800.012,-5.23594,16.4972,357.675,-5.074,0.963342836,0.963342836,0.963342836,0.963342836
849.928,-5.36357,18.0727,357.883,-5.193,0.963342836,0.963342836,0.963342836,0.963342836
900.034,-5.22468,19.3264,359.138,-5.041,0.963342836,0.963342836,0.963342836,0.963342836
949.959,-5.21161,20.4922,358.563,-5.011,0.963342836,0.963342836,0.963342836,0.963342836
1049.98,-5.22969,22.5269,359.493,-5.023,0.963342836,0.963342836,0.963342836,0.963342836
1100.08,-5.18755,23.6002,0.242829,-4.97,0.963342836,0.963342836,0.963342836,0.963342836
1150.01,-5.65751,24.3616,0.00730898,-5.405,0.963342836,0.963342836,0.963342836,0.963342836
1199.92,-5.00821,25.8287,0.457114,-4.77,0.963342836,0.963342836,0.963342836,0.963342836
1250.03,-5.10815,27.023,1.70374,-4.863,0.963342836,0.963342836,0.963342836,0.963342836
1350.06,-5.02379,29.2752,3.56172,-4.731,0.963342836,0.963342836,0.963342836,0.963342836
1399.97,-5.13272,29.7055,1.56466,-4.858,0.963342836,0.963342836,0.963342836,0.963342836
1450.08,-4.94188,30.8509,4.55613,-4.65,0.963342836,0.963342836,0.963342836,0.963342836
1499.99,-5.19458,31.0688,4.79106,-4.897,0.963342836,0.963342836,0.963342836,0.963342836
1549.92,-5.29483,32.3324,3.95321,-4.984,0.963342836,0.963342836,0.963342836,0.963342836
1600.01,-5.11922,33.3191,5.36957,-4.821,0.963342836,0.963342836,0.963342836,0.963342836
1649.94,-4.97903,34.2444,6.30208,-4.645,0.963342836,0.963342836,0.963342836,0.963342836
1700.04,-5.04451,35.1022,7.29668,-4.715,0.963342836,0.963342836,0.963342836,0.963342836
1749.96,-4.98248,35.9012,9.81403,-4.642,0.963342836,0.963342836,0.963342836,0.963342836
1800.07,-5.23473,36.267,10.5192,-4.888,0.963342836,0.963342836,0.963342836,0.963342836
1849.98,-5.06826,37.0479,11.7741,-4.71,0.963342836,0.963342836,0.963342836,0.963342836
1900.09,-5.02185,37.7414,13.209,-4.657,0.963342836,0.963342836,0.963342836,0.963342836
1950.01,-5.00881,39.1733,14.4923,-4.649,0.963342836,0.963342836,0.963342836,0.963342836
1999.93,-5.21041,39.1572,21.5036,-4.83,0.963342836,0.963342836,0.963342836,0.963342836
2050.04,-5.28548,39.9229,22.9956,-4.898,0.963342836,0.963342836,0.963342836,0.963342836
2099.95,-4.94014,40.6183,25.83,-4.544,0.963342836,0.963342836,0.963342836,0.963342836
2150.06,-4.74484,41.3949,29.0932,-4.349,0.963342836,0.963342836,0.963342836,0.963342836
2250.09,-4.95654,42.5521,46.6099,-4.529,0.963342836,0.963342836,0.963342836,0.963342836
2300.01,-5.01134,43.3121,48.9571,-4.584,0.963342836,0.963342836,0.963342836,0.963342836
2349.93,-5.14664,43.7058,59.3402,-4.7,0.963342836,0.963342836,0.963342836,0.963342836
2400.03,-5.35585,43.994,73.1868,-4.903,0.963342836,0.963342836,0.963342836,0.963342836
2449.95,-4.98484,44.9371,82.7208,-4.543,0.963342836,0.963342836,0.963342836,0.963342836
2549.98,-5.01865,45.7474,108.315,-4.546,0.963342836,0.963342836,0.963342836,0.963342836
2600.08,-5.03458,46.6642,116.504,-4.565,0.963342836,0.963342836,0.963342836,0.963342836
2650.01,-5.0552,46.8867,124.125,-4.567,0.963342836,0.963342836,0.963342836,0.963342836
2700.11,-5.11908,47.2999,129.231,-4.598,0.963342836,0.963342836,0.963342836,0.963342836
2750.03,-4.97051,47.8901,134.789,-4.463,0.963342836,0.963342836,0.963342836,0.963342836
2799.95,-5.02239,48.3328,139.229,-4.512,0.963342836,0.963342836,0.963342836,0.963342836
2850.05,-5.05748,48.7196,140.255,-4.538,0.963342836,0.963342836,0.963342836,0.963342836
2950.07,-4.96666,49.7308,145.386,-4.446,0.963342836,0.963342836,0.963342836,0.963342836
2999.99,-4.90978,50.0668,147.889,-4.379,0.963342836,0.963342836,0.963342836,0.963342836
3050.1,-4.87406,50.5092,148.103,-4.338,0.963342836,0.963342836,0.963342836,0.963342836
3100.02,-4.94548,51.2709,150.974,-4.387,0.963342836,0.963342836,0.963342836,0.963342836
3149.94,-5.2987,51.1469,150.721,-4.738,0.963342836,0.963342836,0.963342836,0.963342836
3249.96,-4.73534,52.2972,154.408,-4.187,0.963342836,0.963342836,0.963342836,0.963342836
3300.07,-4.97762,52.1903,154.753,-4.422,0.963342836,0.963342836,0.963342836,0.963342836
3349.98,-4.90739,52.4905,155.388,-4.36,0.963342836,0.963342836,0.963342836,0.963342836
3400.09,-5.20314,52.8398,156.353,-4.651,0.963342836,0.963342836,0.963342836,0.963342836
3450.01,-5.04878,53.0124,155.935,-4.481,0.963342836,0.963342836,0.963342836,0.963342836
3550.04,-4.79349,54.1667,158.039,-4.214,0.963342836,0.963342836,0.963342836,0.963342836
3599.96,-4.80816,54.4845,158.113,-4.223,0.963342836,0.963342836,0.963342836,0.963342836
3650.06,-5.06703,54.336,157.931,-4.461,0.963342836,0.963342836,0.963342836,0.963342836
3699.98,-4.9843,54.5931,159.499,-4.4,0.963342836,0.963342836,0.963342836,0.963342836
3750.08,-4.80138,55.1608,159.689,-4.216,0.963342836,0.963342836,0.963342836,0.963342836
3850.11,-4.93925,55.8192,161.26,-4.346,0.963342836,0.963342836,0.963342836,0.963342836
3900.03,-4.87255,56.1305,160.662,-4.272,0.963342836,0.963342836,0.963342836,0.963342836
3949.94,-4.95602,56.0579,161.148,-4.364,0.963342836,0.963342836,0.963342836,0.963342836
4000.06,-5.0741,56.2764,160.985,-4.455,0.963342836,0.963342836,0.963342836,0.963342836
4049.98,-5.02562,56.6068,160.979,-4.407,0.963342836,0.963342836,0.963342836,0.963342836
4100.08,-5.06337,56.6504,161.356,-4.449,0.963342836,0.963342836,0.963342836,0.963342836
4149.99,-5.0014,57.204,161.31,-4.389,0.963342836,0.963342836,0.963342836,0.963342836
4200.1,-4.79162,57.4969,162.096,-4.186,0.963342836,0.963342836,0.963342836,0.963342836
4250.02,-4.93904,57.5714,162.359,-4.332,0.963342836,0.963342836,0.963342836,0.963342836
4299.94,-4.9283,57.911,162.33,-4.307,0.963342836,0.963342836,0.963342836,0.963342836
4350.05,-4.59976,58.4591,162.486,-3.99,0.963342836,0.963342836,0.963342836,0.963342836
4399.96,-5.11415,57.9601,162.313,-4.509,0.963342836,0.963342836,0.963342836,0.963342836
4450.07,-4.744,58.8032,162.851,-4.113,0.963342836,0.963342836,0.963342836,0.963342836
4499.99,-4.71523,58.8871,163.244,-4.082,0.963342836,0.963342836,0.963342836,0.963342836
4550.09,-4.8709,58.868,162.961,-4.255,0.963342836,0.963342836,0.963342836,0.963342836
4600.01,-5.06337,58.8237,162.655,-4.453,0.963342836,0.963342836,0.963342836,0.963342836
4649.93,-4.84274,59.3198,163.137,-4.243,0.963342836,0.963342836,0.963342836,0.963342836
4749.96,-4.80344,59.7306,163.293,-4.178,0.963342836,0.963342836,0.963342836,0.963342836
4800.06,-4.8283,59.9036,163.285,-4.228,0.963342836,0.963342836,0.963342836,0.963342836
4849.98,-5.04651,59.7293,163.514,-4.43,0.963342836,0.963342836,0.963342836,0.963342836
4900.09,-4.70642,60.0972,163.595,-4.095,0.963342836,0.963342836,0.963342836,0.963342836
4950.01,-4.97955,60.0312,163.434,-4.368,0.963342836,0.963342836,0.963342836,0.963342836
5050.04,-4.95672,60.4378,163.797,-4.343,0.963342836,0.963342836,0.963342836,0.963342836
5099.95,-4.76173,60.7473,164.119,-4.145,0.963342836,0.963342836,0.963342836,0.963342836
5150.05,-4.892,60.6351,164.066,-4.311,0.963342836,0.963342836,0.963342836,0.963342836
5199.97,-4.91032,61.0363,163.919,-4.325,0.963342836,0.963342836,0.963342836,0.963342836
5250.07,-4.81724,60.9901,164.181,-4.242,0.963342836,0.963342836,0.963342836,0.963342836
5350.11,-4.9186,61.0805,164.026,-4.307,0.963342836,0.963342836,0.963342836,0.963342836
5400.02,-4.8343,61.5162,164.209,-4.263,0.963342836,0.963342836,0.963342836,0.963342836
5449.94,-4.7944,61.7689,164.305,-4.222,0.963342836,0.963342836,0.963342836,0.963342836
5500.05,-4.90318,61.7598,164.334,-4.345,0.963342836,0.963342836,0.963342836,0.963342836
5549.97,-4.96789,61.8016,164.114,-4.421,0.963342836,0.963342836,0.963342836,0.963342836
5600.07,-4.74067,62.1932,164.264,-4.181,0.963342836,0.963342836,0.963342836,0.963342836
5649.99,-4.83966,62.2207,164.279,-4.288,0.963342836,0.963342836,0.963342836,0.963342836
5700.1,-4.87101,62.2561,164.193,-4.32,0.963342836,0.963342836,0.963342836,0.963342836
5750.02,-4.80248,62.2976,164.379,-4.279,0.963342836,0.963342836,0.963342836,0.963342836
5800.12,-4.84074,62.3674,164.314,-4.317,0.963342836,0.963342836,0.963342836,0.963342836
5850.04,-4.94956,62.5714,164.362,-4.419,0.963342836,0.963342836,0.963342836,0.963342836
5899.97,-4.82809,62.8021,164.42,-4.309,0.963342836,0.963342836,0.963342836,0.963342836
5999.99,-4.6281,62.9258,164.72,-4.128,0.963342836,0.963342836,0.963342836,0.963342836
6050.09,-4.94508,62.7724,164.326,-4.452,0.963342836,0.963342836,0.963342836,0.963342836
6100.02,-4.80473,63.1007,164.461,-4.302,0.963342836,0.963342836,0.963342836,0.963342836
6150.11,-4.49934,63.3827,164.763,-4.044,0.963342836,0.963342836,0.963342836,0.963342836
6200.03,-4.79512,63.0936,164.498,-4.352,0.963342836,0.963342836,0.963342836,0.963342836
6300.06,-4.6856,63.4289,164.574,-4.24,0.963342836,0.963342836,0.963342836,0.963342836
6349.98,-4.92964,63.3591,164.301,-4.506,0.963342836,0.963342836,0.963342836,0.963342836
6400.08,-4.30939,63.8465,164.998,-3.903,0.963342836,0.963342836,0.963342836,0.963342836
6450.01,-4.53507,64.046,164.639,-4.1,0.963342836,0.963342836,0.963342836,0.963342836
6500.11,-4.58929,63.7916,164.589,-4.194,0.963342836,0.963342836,0.963342836,0.963342836
6550.03,-5.04085,63.5142,164.222,-4.654,0.963342836,0.963342836,0.963342836,0.963342836
6599.94,-4.74176,63.8516,164.516,-4.385,0.963342836,0.963342836,0.963342836,0.963342836
6650.05,-4.88123,63.9854,164.458,-4.531,0.963342836,0.963342836,0.963342836,0.963342836
6699.97,-4.61035,64.0623,164.666,-4.277,0.963342836,0.963342836,0.963342836,0.963342836
6750.08,-4.74359,64.0517,164.473,-4.42,0.963342836,0.963342836,0.963342836,0.963342836
6800,-4.69903,64.2675,164.591,-4.386,0.963342836,0.963342836,0.963342836,0.963342836
6850.1,-4.81375,64.1354,164.362,-4.529,0.963342836,0.963342836,0.963342836,0.963342836
6950.12,-4.40702,64.6319,164.772,-4.158,0.963342836,0.963342836,0.963342836,0.963342836
7000.05,-4.65356,64.4118,164.422,-4.396,0.963342836,0.963342836,0.963342836,0.963342836
7049.97,-4.78247,64.4268,164.309,-4.547,0.963342836,0.963342836,0.963342836,0.963342836
7100.08,-4.69334,64.519,164.351,-4.471,0.963342836,0.963342836,0.963342836,0.963342836
7149.99,-4.5232,64.8663,164.513,-4.326,0.963342836,0.963342836,0.963342836,0.963342836
7200.1,-4.61743,64.7041,164.515,-4.431,0.963342836,0.963342836,0.963342836,0.963342836
7250.01,-4.56651,64.888,164.491,-4.416,0.963342836,0.963342836,0.963342836,0.963342836
7300.12,-4.69272,64.6307,164.325,-4.555,0.963342836,0.963342836,0.963342836,0.963342836
7350.04,-4.65461,64.8916,164.423,-4.51,0.963342836,0.963342836,0.963342836,0.963342836
7399.96,-4.603,64.9297,164.347,-4.512,0.963342836,0.963342836,0.963342836,0.963342836
7450.06,-4.73027,64.9253,164.189,-4.643,0.963342836,0.963342836,0.963342836,0.963342836
7499.98,-4.71187,64.8209,164.15,-4.649,0.963342836,0.963342836,0.963342836,0.963342836
7550.08,-4.38826,65.2289,164.607,-4.363,0.963342836,0.963342836,0.963342836,0.963342836
7600.01,-4.56978,65.0987,164.269,-4.544,0.963342836,0.963342836,0.963342836,0.963342836
7650.11,-4.39757,65.2004,164.473,-4.408,0.963342836,0.963342836,0.963342836,0.963342836
7700.03,-4.87395,64.7984,163.896,-4.915,0.963342836,0.963342836,0.963342836,0.963342836
7749.95,-4.52429,65.217,164.184,-4.574,0.963342836,0.963342836,0.963342836,0.963342836
7849.97,-4.63424,65.1234,164.058,-4.74,0.963342836,0.963342836,0.963342836,0.963342836
7900.07,-5.06544,64.7986,163.542,-5.211,0.963342836,0.963342836,0.963342836,0.963342836
7950,-4.77025,65.042,163.904,-4.916,0.963342836,0.963342836,0.963342836,0.963342836
8000.11,-4.57101,65.4132,163.986,-4.745,0.963342836,0.963342836,0.963342836,0.963342836
8050.03,-4.5547,65.4657,164.01,-4.747,0.963342836,0.963342836,0.963342836,0.963342836
8150.05,-5.25029,64.7152,163.267,-5.503,0.963342836,0.963342836,0.963342836,0.963342836
8199.97,-4.71945,65.2942,163.757,-5.001,0.963342836,0.963342836,0.963342836,0.963342836
8250.07,-4.77559,65.1318,163.589,-5.093,0.963342836,0.963342836,0.963342836,0.963342836
8299.99,-4.55562,65.4862,163.798,-4.901,0.963342836,0.963342836,0.963342836,0.963342836
8350.1,-4.56401,65.356,163.697,-4.94,0.963342836,0.963342836,0.963342836,0.963342836
8400.02,-4.70249,65.3274,163.55,-5.113,0.963342836,0.963342836,0.963342836,0.963342836
8450.12,-4.81835,65.2383,163.406,-5.248,0.963342836,0.963342836,0.963342836,0.963342836
8500.04,-4.48251,65.5865,163.674,-4.96,0.963342836,0.963342836,0.963342836,0.963342836
8549.96,-4.63799,65.373,163.499,-5.139,0.963342836,0.963342836,0.963342836,0.963342836
8600.07,-4.33055,65.6056,163.736,-4.878,0.963342836,0.963342836,0.963342836,0.963342836
8649.99,-4.58611,65.3867,163.414,-5.168,0.963342836,0.963342836,0.963342836,0.963342836
8700.09,-4.44878,65.5762,163.494,-5.055,0.963342836,0.963342836,0.963342836,0.963342836
8750.01,-4.42036,65.4569,163.516,-5.066,0.963342836,0.963342836,0.963342836,0.963342836
8800.12,-4.48791,65.5969,163.386,-5.154,0.963342836,0.963342836,0.963342836,0.963342836
8850.04,-4.35594,65.6524,163.466,-5.076,0.963342836,0.963342836,0.963342836,0.963342836
8900.14,-4.18062,65.9491,163.581,-4.952,0.963342836,0.963342836,0.963342836,0.963342836
8950.06,-4.46898,65.5502,163.264,-5.272,0.963342836,0.963342836,0.963342836,0.963342836
9050.08,-4.44042,65.519,163.179,-5.319,0.963342836,0.963342836,0.963342836,0.963342836
9100,-4.5298,65.4345,162.946,-5.451,0.963342836,0.963342836,0.963342836,0.963342836
9150.11,-4.48854,65.487,162.943,-5.438,0.963342836,0.963342836,0.963342836,0.963342836
9200.02,-4.41808,65.5873,163.002,-5.43,0.963342836,0.963342836,0.963342836,0.963342836
9250.13,-4.03622,65.8948,163.3,-5.082,0.963342836,0.963342836,0.963342836,0.963342836
9349.97,-4.57436,65.3555,162.615,-5.7,0.963342836,0.963342836,0.963342836,0.963342836
9400.08,-4.31647,65.5468,162.836,-5.485,0.963342836,0.963342836,0.963342836,0.963342836
9450,-4.54326,65.318,162.478,-5.758,0.963342836,0.963342836,0.963342836,0.963342836
9500.1,-4.59633,65.2508,162.431,-5.853,0.963342836,0.963342836,0.963342836,0.963342836
9550.02,-4.1738,65.6112,162.779,-5.48,0.963342836,0.963342836,0.963342836,0.963342836
9600.13,-4.19104,65.5267,162.687,-5.547,0.963342836,0.963342836,0.963342836,0.963342836
9650.04,-4.58002,65.1077,162.191,-6,0.963342836,0.963342836,0.963342836,0.963342836
9750.07,-4.48173,65.1901,162.159,-6.003,0.963342836,0.963342836,0.963342836,0.963342836
9799.99,-4.25292,65.3585,162.336,-5.814,0.963342836,0.963342836,0.963342836,0.963342836
9850.09,-4.3564,65.2356,162.157,-5.973,0.963342836,0.963342836,0.963342836,0.963342836
9900.02,-4.22293,65.4043,162.199,-5.873,0.963342836,0.963342836,0.963342836,0.963342836
9950.12,-4.28262,65.3203,162.037,-6.009,0.963342836,0.963342836,0.963342836,0.963342836
10000,-4.52961,64.9974,161.782,-6.297,0.963342836,0.963342836,0.963342836,0.963342836
10050.1,-4.46982,65.0394,161.74,-6.29,0.963342836,0.963342836,0.963342836,0.963342836
10150,-4.51425,64.8774,161.489,-6.458,0.963342836,0.963342836,0.963342836,0.963342836
10200.1,-4.43396,65.0072,161.515,-6.436,0.963342836,0.963342836,0.963342836,0.963342836
10250,-4.23813,65.0321,161.599,-6.3,0.963342836,0.963342836,0.963342836,0.963342836
10300.1,-3.97876,65.3247,161.762,-6.119,0.963342836,0.963342836,0.963342836,0.963342836
10350,-4.31811,64.9132,161.361,-6.511,0.963342836,0.963342836,0.963342836,0.963342836
10400.1,-4.60903,64.5352,160.96,-6.878,0.963342836,0.963342836,0.963342836,0.963342836
10450.1,-4.30819,64.7924,161.194,-6.626,0.963342836,0.963342836,0.963342836,0.963342836
10500,-4.26237,64.8283,161.14,-6.654,0.963342836,0.963342836,0.963342836,0.963342836
10550.1,-4.03248,65.0136,161.31,-6.497,0.963342836,0.963342836,0.963342836,0.963342836
10600,-4.02179,64.8788,161.211,-6.548,0.963342836,0.963342836,0.963342836,0.963342836
10650.1,-4.40133,64.5593,160.715,-6.992,0.963342836,0.963342836,0.963342836,0.963342836
10700,-4.28856,64.5139,160.77,-6.959,0.963342836,0.963342836,0.963342836,0.963342836
10800,-4.52642,64.194,160.357,-7.345,0.963342836,0.963342836,0.963342836,0.963342836
10850,-4.3513,64.2417,160.391,-7.228,0.963342836,0.963342836,0.963342836,0.963342836
10900.1,-4.52322,64.1208,160.176,-7.458,0.963342836,0.963342836,0.963342836,0.963342836
10950,-4.41756,64.0644,160.103,-7.473,0.963342836,0.963342836,0.963342836,0.963342836
11000.1,-4.06916,64.3958,160.352,-7.173,0.963342836,0.963342836,0.963342836,0.963342836
11050,-4.06326,64.2913,160.256,-7.27,0.963342836,0.963342836,0.963342836,0.963342836
11100.1,-4.08238,64.3483,160.14,-7.359,0.963342836,0.963342836,0.963342836,0.963342836
11150,-4.35142,63.8226,159.755,-7.716,0.963342836,0.963342836,0.963342836,0.963342836
11200.1,-3.80864,64.3546,160.206,-7.274,0.963342836,0.963342836,0.963342836,0.963342836
11250.1,-4.4733,63.5688,159.39,-7.992,0.963342836,0.963342836,0.963342836,0.963342836
11300,-4.26177,63.728,159.555,-7.859,0.963342836,0.963342836,0.963342836,0.963342836
11350.1,-4.39852,63.5416,159.298,-8.087,0.963342836,0.963342836,0.963342836,0.963342836
11450.1,-4.58033,63.1596,158.799,-8.467,0.963342836,0.963342836,0.963342836,0.963342836
11500,-4.26676,63.4498,159.045,-8.233,0.963342836,0.963342836,0.963342836,0.963342836
11550.1,-4.34243,63.2712,158.854,-8.415,0.963342836,0.963342836,0.963342836,0.963342836
11600.1,-4.27593,63.2365,158.769,-8.439,0.963342836,0.963342836,0.963342836,0.963342836
11650,-4.12475,63.2748,158.833,-8.384,0.963342836,0.963342836,0.963342836,0.963342836
11700.1,-4.38899,62.9442,158.409,-8.746,0.963342836,0.963342836,0.963342836,0.963342836
11750,-4.35381,62.8842,158.291,-8.824,0.963342836,0.963342836,0.963342836,0.963342836
11800.1,-3.99828,63.124,158.537,-8.574,0.963342836,0.963342836,0.963342836,0.963342836
11850,-4.59169,62.4567,157.843,-9.244,0.963342836,0.963342836,0.963342836,0.963342836
11900.1,-4.30955,62.6312,157.964,-9.065,0.963342836,0.963342836,0.963342836,0.963342836
11950.1,-4.28029,62.5874,157.849,-9.149,0.963342836,0.963342836,0.963342836,0.963342836
12000.2,-4.60614,62.1212,157.415,-9.565,0.963342836,0.963342836,0.963342836,0.963342836
12100,-4.10114,62.367,157.658,-9.297,0.963342836,0.963342836,0.963342836,0.963342836
12150.1,-4.31879,62.0784,157.309,-9.625,0.963342836,0.963342836,0.963342836,0.963342836
12200,-4.11687,62.1458,157.346,-9.536,0.963342836,0.963342836,0.963342836,0.963342836
12250.1,-4.3454,61.8244,156.931,-9.883,0.963342836,0.963342836,0.963342836,0.963342836
12300,-4.15696,61.8495,156.988,-9.837,0.963342836,0.963342836,0.963342836,0.963342836
12350.2,-4.29398,61.6348,156.735,-10.079,0.963342836,0.963342836,0.963342836,0.963342836
12400.1,-4.32341,61.5158,156.54,-10.23,0.963342836,0.963342836,0.963342836,0.963342836
12500.1,-3.89528,61.6312,156.662,-10.043,0.963342836,0.963342836,0.963342836,0.963342836
12550,-4.11653,61.2547,156.253,-10.419,0.963342836,0.963342836,0.963342836,0.963342836
12600.1,-4.16904,61.1926,156.097,-10.579,0.963342836,0.963342836,0.963342836,0.963342836
12650,-3.85848,61.2797,156.186,-10.415,0.963342836,0.963342836,0.963342836,0.963342836
12700.1,-4.12299,60.8754,155.765,-10.8,0.963342836,0.963342836,0.963342836,0.963342836
12800,-4.15254,60.5929,155.417,-11.118,0.963342836,0.963342836,0.963342836,0.963342836
12850.1,-4.1807,60.4235,155.23,-11.287,0.963342836,0.963342836,0.963342836,0.963342836
12900,-4.03432,60.3424,155.222,-11.291,0.963342836,0.963342836,0.963342836,0.963342836
12950.1,-4.31766,59.9897,154.737,-11.708,0.963342836,0.963342836,0.963342836,0.963342836
13000,-4.05601,60.0277,154.806,-11.612,0.963342836,0.963342836,0.963342836,0.963342836
13050.1,-4.56534,59.3927,154.106,-12.275,0.963342836,0.963342836,0.963342836,0.963342836
13100.1,-4.1526,59.6685,154.346,-11.996,0.963342836,0.963342836,0.963342836,0.963342836
13200.1,-4.39001,59.0791,153.745,-12.557,0.963342836,0.963342836,0.963342836,0.963342836
13250,-4.00939,59.2888,153.933,-12.328,0.963342836,0.963342836,0.963342836,0.963342836
13300.1,-3.86546,59.343,153.873,-12.358,0.963342836,0.963342836,0.963342836,0.963342836
13350,-4.2798,58.7531,153.249,-12.939,0.963342836,0.963342836,0.963342836,0.963342836
13400.1,-3.93394,58.8819,153.412,-12.755,0.963342836,0.963342836,0.963342836,0.963342836
13450,-4.15614,58.4396,153.007,-13.152,0.963342836,0.963342836,0.963342836,0.963342836
13500.2,-3.96394,58.531,152.985,-13.118,0.963342836,0.963342836,0.963342836,0.963342836
13600,-3.73704,58.376,152.8,-13.258,0.963342836,0.963342836,0.963342836,0.963342836
13650.1,-3.80032,58.0961,152.506,-13.51,0.963342836,0.963342836,0.963342836,0.963342836
13700,-3.95761,57.8059,152.143,-13.832,0.963342836,0.963342836,0.963342836,0.963342836
13750.1,-4.22787,57.2739,151.623,-14.316,0.963342836,0.963342836,0.963342836,0.963342836
13800,-3.75417,57.5101,151.89,-14.028,0.963342836,0.963342836,0.963342836,0.963342836
13900.1,-4.43661,56.4746,150.764,-15.111,0.963342836,0.963342836,0.963342836,0.963342836
13950,-3.78324,56.9007,151.171,-14.66,0.963342836,0.963342836,0.963342836,0.963342836
14000.1,-4.01208,56.4714,150.692,-15.102,0.963342836,0.963342836,0.963342836,0.963342836
14050,-4.31692,55.9453,150.166,-15.597,0.963342836,0.963342836,0.963342836,0.963342836
14100.1,-4.0238,56.0369,150.213,-15.518,0.963342836,0.963342836,0.963342836,0.963342836
14150,-4.08018,55.7267,149.889,-15.798,0.963342836,0.963342836,0.963342836,0.963342836
14200.1,-4.05219,55.5502,149.673,-15.989,0.963342836,0.963342836,0.963342836,0.963342836
14300.2,-4.17879,54.9512,149.041,-16.555,0.963342836,0.963342836,0.963342836,0.963342836
14350.1,-4.09999,54.7948,148.864,-16.704,0.963342836,0.963342836,0.963342836,0.963342836
14400,-3.92561,54.7372,148.784,-16.761,0.963342836,0.963342836,0.963342836,0.963342836
14450.1,-3.7729,54.6701,148.647,-16.859,0.963342836,0.963342836,0.963342836,0.963342836
14500,-3.95993,54.2201,148.197,-17.283,0.963342836,0.963342836,0.963342836,0.963342836
14600.1,-3.879,53.7717,147.706,-17.698,0.963342836,0.963342836,0.963342836,0.963342836
14650.2,-3.93431,53.4782,147.363,-18.011,0.963342836,0.963342836,0.963342836,0.963342836
14700.1,-3.98186,53.1103,147.032,-18.306,0.963342836,0.963342836,0.963342836,0.963342836
14750,-3.91036,52.9624,146.818,-18.486,0.963342836,0.963342836,0.963342836,0.963342836
14800.1,-3.50796,53.0802,146.922,-18.354,0.963342836,0.963342836,0.963342836,0.963342836
14850,-4.35842,51.944,145.77,-19.472,0.963342836,0.963342836,0.963342836,0.963342836
14900.1,-3.73688,52.291,146.079,-19.123,0.963342836,0.963342836,0.963342836,0.963342836
14950,-4.03555,51.6802,145.461,-19.716,0.963342836,0.963342836,0.963342836,0.963342836
15000.1,-3.66825,51.7814,145.518,-19.622,0.963342836,0.963342836,0.963342836,0.963342836
15050.1,-4.46357,50.6829,144.418,-20.698,0.963342836,0.963342836,0.963342836,0.963342836
15100.2,-3.89411,50.9111,144.631,-20.43,0.963342836,0.963342836,0.963342836,0.963342836
15150.1,-4.01139,50.4737,144.206,-20.835,0.963342836,0.963342836,0.963342836,0.963342836
15250.1,-3.71276,50.1757,143.819,-21.156,0.963342836,0.963342836,0.963342836,0.963342836
15300,-4.03508,49.5526,143.175,-21.773,0.963342836,0.963342836,0.963342836,0.963342836
15350.1,-3.61583,49.5596,143.207,-21.692,0.963342836,0.963342836,0.963342836,0.963342836
15400.1,-4.24753,48.6307,142.228,-22.643,0.963342836,0.963342836,0.963342836,0.963342836
15450.2,-3.88987,48.6849,142.252,-22.588,0.963342836,0.963342836,0.963342836,0.963342836
15500.1,-3.80773,48.3917,141.967,-22.85,0.963342836,0.963342836,0.963342836,0.963342836
15550,-3.98906,47.8322,141.408,-23.38,0.963342836,0.963342836,0.963342836,0.963342836
15600.1,-3.8529,47.6439,141.169,-23.569,0.963342836,0.963342836,0.963342836,0.963342836
15650,-3.78592,47.3506,140.834,-23.875,0.963342836,0.963342836,0.963342836,0.963342836
15700.1,-3.80381,46.9864,140.461,-24.213,0.963342836,0.963342836,0.963342836,0.963342836
15750.1,-3.74776,46.6276,140.099,-24.54,0.963342836,0.963342836,0.963342836,0.963342836
15800.2,-3.94514,46.0564,139.467,-25.11,0.963342836,0.963342836,0.963342836,0.963342836
15900,-3.45055,45.8182,139.182,-25.341,0.963342836,0.963342836,0.963342836,0.963342836
15950.1,-3.55638,45.3153,138.644,-25.853,0.963342836,0.963342836,0.963342836,0.963342836
16000,-3.97545,44.5001,137.811,-26.66,0.963342836,0.963342836,0.963342836,0.963342836
16050.1,-3.7588,44.2545,137.594,-26.84,0.963342836,0.963342836,0.963342836,0.963342836
16100.1,-3.49424,44.168,137.439,-26.957,0.963342836,0.963342836,0.963342836,0.963342836
16150.2,-3.80818,43.3842,136.68,-27.686,0.963342836,0.963342836,0.963342836,0.963342836
16200.1,-3.77768,43.0045,136.263,-28.054,0.963342836,0.963342836,0.963342836,0.963342836
16300.1,-3.62218,42.2931,135.51,-28.747,0.963342836,0.963342836,0.963342836,0.963342836
16350,-3.84998,41.6351,134.82,-29.402,0.963342836,0.963342836,0.963342836,0.963342836
16400.1,-3.56677,41.4536,134.64,-29.55,0.963342836,0.963342836,0.963342836,0.963342836
16450,-3.52418,41.0555,134.196,-29.952,0.963342836,0.963342836,0.963342836,0.963342836
16500.1,-3.49228,40.5959,133.729,-30.376,0.963342836,0.963342836,0.963342836,0.963342836
16600.2,-3.90579,39.23,132.342,-31.701,0.963342836,0.963342836,0.963342836,0.963342836
16650.1,-3.44852,39.2146,132.298,-31.716,0.963342836,0.963342836,0.963342836,0.963342836
16700,-3.82192,38.3875,131.405,-32.553,0.963342836,0.963342836,0.963342836,0.963342836
16750.1,-3.32779,38.3145,131.365,-32.563,0.963342836,0.963342836,0.963342836,0.963342836
16800,-3.56103,37.6212,130.626,-33.266,0.963342836,0.963342836,0.963342836,0.963342836
16850.1,-3.36212,37.2573,130.287,-33.586,0.963342836,0.963342836,0.963342836,0.963342836
16900.1,-3.50555,36.6279,129.612,-34.213,0.963342836,0.963342836,0.963342836,0.963342836
17000.1,-3.52995,35.5674,128.5,-35.26,0.963342836,0.963342836,0.963342836,0.963342836
17050,-3.90728,34.6519,127.577,-36.149,0.963342836,0.963342836,0.963342836,0.963342836
17100.1,-3.4961,34.476,127.405,-36.289,0.963342836,0.963342836,0.963342836,0.963342836
17150,-3.5343,33.9091,126.798,-36.848,0.963342836,0.963342836,0.963342836,0.963342836
17200.1,-3.58762,33.2848,126.166,-37.455,0.963342836,0.963342836,0.963342836,0.963342836
17300.2,-3.22594,32.5248,125.368,-38.186,0.963342836,0.963342836,0.963342836,0.963342836
17350.1,-3.47715,31.6805,124.497,-39.009,0.963342836,0.963342836,0.963342836,0.963342836
17400.2,-3.49947,31.1017,123.914,-39.561,0.963342836,0.963342836,0.963342836,0.963342836
17450.1,-3.50499,30.5035,123.291,-40.142,0.963342836,0.963342836,0.963342836,0.963342836
17500,-3.49536,29.9419,122.703,-40.704,0.963342836,0.963342836,0.963342836,0.963342836
17550.1,-3.88945,28.943,121.679,-41.688,0.963342836,0.963342836,0.963342836,0.963342836
17600,-3.00081,29.2314,121.942,-41.389,0.963342836,0.963342836,0.963342836,0.963342836
17700.1,-3.35991,27.6439,120.328,-42.931,0.963342836,0.963342836,0.963342836,0.963342836
17750.2,-3.4741,26.8762,119.551,-43.687,0.963342836,0.963342836,0.963342836,0.963342836
17800.1,-3.13822,26.5556,119.22,-43.965,0.963342836,0.963342836,0.963342836,0.963342836
17850,-3.5664,25.538,118.178,-44.973,0.963342836,0.963342836,0.963342836,0.963342836
17900.1,-3.61602,24.8315,117.455,-45.667,0.963342836,0.963342836,0.963342836,0.963342836
17950,-3.24004,24.5789,117.17,-45.915,0.963342836,0.963342836,0.963342836,0.963342836
18000.1,-3.22434,23.9608,116.527,-46.53,0.963342836,0.963342836,0.963342836,0.963342836
18100.2,-3.66283,22.1538,114.708,-48.269,0.963342836,0.963342836,0.963342836,0.963342836
18150.1,-3.4777,21.663,114.215,-48.727,0.963342836,0.963342836,0.963342836,0.963342836
18200.2,-3.18635,21.2992,113.831,-49.087,0.963342836,0.963342836,0.963342836,0.963342836
18250.1,-3.37426,20.4604,112.952,-49.913,0.963342836,0.963342836,0.963342836,0.963342836
18300,-3.67609,19.4487,111.924,-50.904,0.963342836,0.963342836,0.963342836,0.963342836
18350.1,-3.77893,18.6748,111.138,-51.658,0.963342836,0.963342836,0.963342836,0.963342836
18400.1,-3.44561,18.329,110.784,-51.985,0.963342836,0.963342836,0.963342836,0.963342836
18500.1,-3.32318,17.0756,109.485,-53.21,0.963342836,0.963342836,0.963342836,0.963342836
18550.2,-2.98372,16.7158,109.114,-53.545,0.963342836,0.963342836,0.963342836,0.963342836
18600.1,-3.43724,15.5707,107.955,-54.671,0.963342836,0.963342836,0.963342836,0.963342836
18650,-3.52243,14.7699,107.142,-55.452,0.963342836,0.963342836,0.963342836,0.963342836
18700.1,-3.3863,14.2341,106.577,-55.968,0.963342836,0.963342836,0.963342836,0.963342836
18750,-3.4323,13.459,105.788,-56.723,0.963342836,0.963342836,0.963342836,0.963342836
18800.2,-3.67194,12.5066,104.822,-57.662,0.963342836,0.963342836,0.963342836,0.963342836
18850.1,-3.86315,11.6313,103.919,-58.528,0.963342836,0.963342836,0.963342836,0.963342836
18900.2,-3.72092,11.0793,103.348,-59.051,0.963342836,0.963342836,0.963342836,0.963342836
18950.1,-3.55343,10.4995,102.766,-59.598,0.963342836,0.963342836,0.963342836,0.963342836
19000,-3.56251,9.78741,102.05,-60.291,0.963342836,0.963342836,0.963342836,0.963342836
19050.1,-3.63098,9.0015,101.23,-61.071,0.963342836,0.963342836,0.963342836,0.963342836
19150.2,-3.99181,7.24518,99.4586,-62.77,0.963342836,0.963342836,0.963342836,0.963342836
19200.1,-3.84095,6.67656,98.861,-63.33,0.963342836,0.963342836,0.963342836,0.963342836
19250.2,-3.74717,6.05311,98.238,-63.925,0.963342836,0.963342836,0.963342836,0.963342836
19300.1,-3.52185,5.60424,97.7329,-64.395,0.963342836,0.963342836,0.963342836,0.963342836
19350.2,-3.92898,4.47307,96.6196,-65.47,0.963342836,0.963342836,0.963342836,0.963342836
19450,-3.80235,3.18172,95.3099,-66.718,0.963342836,0.963342836,0.963342836,0.963342836
19500.1,-3.80277,2.49181,94.5857,-67.405,0.963342836,0.963342836,0.963342836,0.963342836
19550.1,-4.14538,1.43205,93.515,-68.451,0.963342836,0.963342836,0.963342836,0.963342836
19600.2,-3.4672,1.42517,93.4965,-68.418,0.963342836,0.963342836,0.963342836,0.963342836
19650.1,-3.78386,0.425988,92.4685,-69.407,0.963342836,0.963342836,0.963342836,0.963342836
19700.2,-4.34066,-0.838099,91.2065,-70.647,0.963342836,0.963342836,0.963342836,0.963342836
19750.1,-4.08548,-1.26361,90.7684,-71.053,0.963342836,0.963342836,0.963342836,0.963342836
19850.1,-4.56794,-3.13377,88.9008,-72.838,0.963342836,0.963342836,0.963342836,0.963342836
19900,-4.1196,-3.35409,88.6422,-73.072,0.963342836,0.963342836,0.963342836,0.963342836
19950.2,-4.02497,-3.91915,88.0649,-73.616,0.963342836,0.963342836,0.963342836,0.963342836
20000.1,-4.08844,-4.64317,87.3139,-74.35,0.963342836,0.963342836,0.963342836,0.963342836
20050.2,-4.30059,-5.53209,86.4219,-75.169,0.963342836,0.963342836,0.963342836,0.963342836
20150,-4.22116,-6.73449,85.1607,-76.377,0.963342836,0.963342836,0.963342836,0.963342836
20200.1,-4.0053,-7.22877,84.6979,-76.804,0.963342836,0.963342836,0.963342836,0.963342836
20250.1,-4.2502,-8.1382,83.8434,-77.623,0.963342836,0.963342836,0.963342836,0.963342836
20300.1,-4.59146,-9.04978,82.8059,-78.623,0.963342836,0.963342836,0.963342836,0.963342836
20350.1,-4.18257,-9.27427,82.5918,-78.812,0.963342836,0.963342836,0.963342836,0.963342836
20400.2,-4.77724,-10.5082,81.3379,-80.031,0.963342836,0.963342836,0.963342836,0.963342836
20450.1,-4.22861,-10.6176,81.2459,-80.083,0.963342836,0.963342836,0.963342836,0.963342836
20500.2,-4.25028,-11.2126,80.5991,-80.695,0.963342836,0.963342836,0.963342836,0.963342836
20550.1,-4.64412,-12.2351,79.5813,-81.683,0.963342836,0.963342836,0.963342836,0.963342836
20600,-4.52305,-12.7252,79.0823,-82.149,0.963342836,0.963342836,0.963342836,0.963342836
20650.1,-4.19335,-13.0043,78.7868,-82.415,0.963342836,0.963342836,0.963342836,0.963342836
20700.1,-4.3163,-13.6822,78.0587,-83.089,0.963342836,0.963342836,0.963342836,0.963342836
20800.1,-4.85131,-15.4339,76.3092,-84.784,0.963342836,0.963342836,0.963342836,0.963342836
20850.2,-4.22657,-15.3954,76.3634,-84.705,0.963342836,0.963342836,0.963342836,0.963342836
20900.1,-4.37772,-16.1048,75.602,-85.417,0.963342836,0.963342836,0.963342836,0.963342836
20950,-4.33582,-16.6126,75.0794,-85.902,0.963342836,0.963342836,0.963342836,0.963342836
21000.1,-4.15713,-17.0441,74.6505,-86.302,0.963342836,0.963342836,0.963342836,0.963342836
21050.1,-4.05225,-17.4838,74.2121,-86.714,0.963342836,0.963342836,0.963342836,0.963342836
21100.2,-4.59219,-18.593,73.0967,-87.805,0.963342836,0.963342836,0.963342836,0.963342836
21150.1,-4.35764,-18.8688,72.7837,-88.062,0.963342836,0.963342836,0.963342836,0.963342836
21200.2,-4.59536,-19.6438,72.0042,-88.817,0.963342836,0.963342836,0.963342836,0.963342836
21250.1,-4.67858,-20.2681,71.3734,-89.417,0.963342836,0.963342836,0.963342836,0.963342836
21300.2,-4.1965,-20.3008,71.3237,-89.434,0.963342836,0.963342836,0.963342836,0.963342836
21350.1,-4.39223,-20.9909,70.6016,-90.118,0.963342836,0.963342836,0.963342836,0.963342836
21450.2,-4.72857,-22.3885,69.2116,-91.442,0.963342836,0.963342836,0.963342836,0.963342836
21500.1,-4.2394,-22.3868,69.1811,-91.441,0.963342836,0.963342836,0.963342836,0.963342836
21550.2,-4.59958,-23.2645,68.3177,-92.277,0.963342836,0.963342836,0.963342836,0.963342836
21600.1,-4.19323,-23.33,68.2372,-92.308,0.963342836,0.963342836,0.963342836,0.963342836
21650.2,-4.39621,-24.0034,67.5213,-92.997,0.963342836,0.963342836,0.963342836,0.963342836
21750,-4.38923,-24.9742,66.543,-93.906,0.963342836,0.963342836,0.963342836,0.963342836
21800.1,-4.34569,-25.3686,66.1274,-94.277,0.963342836,0.963342836,0.963342836,0.963342836
21850.1,-4.43249,-25.9302,65.5631,-94.812,0.963342836,0.963342836,0.963342836,0.963342836
21900.2,-3.94681,-25.8912,65.586,-94.764,0.963342836,0.963342836,0.963342836,0.963342836
21950.1,-4.05645,-26.4644,65.0125,-95.308,0.963342836,0.963342836,0.963342836,0.963342836
22000.2,-4.22791,-27.0726,64.3808,-95.898,0.963342836,0.963342836,0.963342836,0.963342836
22050.1,-4.11517,-27.3737,64.0505,-96.19,0.963342836,0.963342836,0.963342836,0.963342836
22150.1,-4.12655,-28.2533,63.1702,-97.015,0.963342836,0.963342836,0.963342836,0.963342836
22200.1,-4.81299,-29.3446,62.0455,-98.1,0.963342836,0.963342836,0.963342836,0.963342836
22250.2,-4.10028,-29.0814,62.3214,-97.786,0.963342836,0.963342836,0.963342836,0.963342836
22300.1,-4.21237,-29.5955,61.7991,-98.281,0.963342836,0.963342836,0.963342836,0.963342836
22350.2,-4.07833,-29.8601,61.5266,-98.521,0.963342836,0.963342836,0.963342836,0.963342836
22400.1,-4.26215,-30.4366,60.92,-99.092,0.963342836,0.963342836,0.963342836,0.963342836
22450.2,-4.57967,-31.1331,60.2113,-99.753,0.963342836,0.963342836,0.963342836,0.963342836
22550.1,-4.17833,-31.5297,59.8017,-100.101,0.963342836,0.963342836,0.963342836,0.963342836
22600.2,-3.99999,-31.7003,59.5937,-100.276,0.963342836,0.963342836,0.963342836,0.963342836
22650.1,-4.18683,-32.2821,59.0289,-100.814,0.963342836,0.963342836,0.963342836,0.963342836
22700.2,-3.86071,-32.288,58.9884,-100.812,0.963342836,0.963342836,0.963342836,0.963342836
22750.1,-4.12936,-32.9285,58.351,-101.416,0.963342836,0.963342836,0.963342836,0.963342836
22800.2,-4.25963,-33.425,57.8359,-101.9,0.963342836,0.963342836,0.963342836,0.963342836
22850.1,-3.85454,-33.3812,57.8769,-101.83,0.963342836,0.963342836,0.963342836,0.963342836
22900,-3.48959,-33.3565,57.8781,-101.776,0.963342836,0.963342836,0.963342836,0.963342836
22950.1,-3.7109,-33.9125,57.3189,-102.31,0.963342836,0.963342836,0.963342836,0.963342836
23000.1,-3.95882,-34.4798,56.7285,-102.872,0.963342836,0.963342836,0.963342836,0.963342836
23050.2,-3.90028,-34.7517,56.4466,-103.117,0.963342836,0.963342836,0.963342836,0.963342836
23100.1,-3.78955,-35.0113,56.2016,-103.336,0.963342836,0.963342836,0.963342836,0.963342836
23200.1,-3.74417,-35.5836,55.5748,-103.875,0.963342836,0.963342836,0.963342836,0.963342836
23250,-4.60762,-36.8045,54.3685,-105.062,0.963342836,0.963342836,0.963342836,0.963342836
23300.1,-3.6301,-36.1457,55.0334,-104.361,0.963342836,0.963342836,0.963342836,0.963342836
23350.1,-4.34178,-37.0949,54.026,-105.325,0.963342836,0.963342836,0.963342836,0.963342836
23400.2,-3.77715,-36.8686,54.2437,-105.071,0.963342836,0.963342836,0.963342836,0.963342836
23500.2,-3.99116,-37.6769,53.4079,-105.844,0.963342836,0.963342836,0.963342836,0.963342836
23550.1,-4.22821,-38.181,52.8947,-106.325,0.963342836,0.963342836,0.963342836,0.963342836
23600.2,-4.05411,-38.3348,52.7451,-106.43,0.963342836,0.963342836,0.963342836,0.963342836
23650.1,-3.33361,-37.884,53.1937,-105.954,0.963342836,0.963342836,0.963342836,0.963342836
23700.1,-4.11288,-38.9547,52.1086,-107.002,0.963342836,0.963342836,0.963342836,0.963342836
23750.2,-3.62722,-38.7474,52.2886,-106.787,0.963342836,0.963342836,0.963342836,0.963342836
23800.1,-3.63434,-39.0234,52.0368,-107.007,0.963342836,0.963342836,0.963342836,0.963342836
23900.1,-3.80369,-39.7064,51.2945,-107.684,0.963342836,0.963342836,0.963342836,0.963342836
23950.2,-3.86137,-40.0343,50.9735,-107.963,0.963342836,0.963342836,0.963342836,0.963342836
24000.1,-3.68544,-40.1019,50.8669,-108.037,0.963342836,0.963342836,0.963342836,0.963342836
24050.1,-3.92477,-40.5916,50.3891,-108.479,0.963342836,0.963342836,0.963342836,0.963342836
24100.2,-4.15621,-41.0959,49.8804,-108.956,0.963342836,0.963342836,0.963342836,0.963342836
24150.1,-4.42507,-41.5715,49.3515,-109.445,0.963342836,0.963342836,0.963342836,0.963342836
24200.2,-3.86305,-41.2869,49.6603,-109.104,0.963342836,0.963342836,0.963342836,0.963342836
24250.1,-3.72433,-41.3846,49.558,-109.167,0.963342836,0.963342836,0.963342836,0.963342836
24300.2,-3.90487,-41.8271,49.112,-109.574,0.963342836,0.963342836,0.963342836,0.963342836
24350.1,-3.93999,-42.0474,48.8509,-109.808,0.963342836,0.963342836,0.963342836,0.963342836
24400.2,-3.75317,-42.1263,48.7838,-109.834,0.963342836,0.963342836,0.963342836,0.963342836
24450.2,-3.81088,-42.3924,48.4922,-110.086,0.963342836,0.963342836,0.963342836,0.963342836
24550.2,-3.01103,-42.0522,48.8173,-109.695,0.963342836,0.963342836,0.963342836,0.963342836
24600.1,-3.48597,-42.7435,48.1069,-110.374,0.963342836,0.963342836,0.963342836,0.963342836
24650.2,-3.39734,-42.8479,47.9693,-110.474,0.963342836,0.963342836,0.963342836,0.963342836
24700.1,-3.51642,-43.2235,47.6106,-110.784,0.963342836,0.963342836,0.963342836,0.963342836
24750.2,-3.78209,-43.6846,47.1309,-111.243,0.963342836,0.963342836,0.963342836,0.963342836
24800.1,-3.85236,-43.891,46.8592,-111.476,0.963342836,0.963342836,0.963342836,0.963342836
24850.1,-3.72864,-44.0099,46.7658,-111.537,0.963342836,0.963342836,0.963342836,0.963342836
24950.1,-3.64436,-44.3511,46.4313,-111.802,0.963342836,0.963342836,0.963342836,0.963342836
25000.2,-3.07251,-43.9868,46.7797,-111.415,0.963342836,0.963342836,0.963342836,0.963342836
25050.1,-4.01335,-45.0993,45.6584,-112.509,0.963342836,0.963342836,0.963342836,0.963342836
25100.2,-3.47254,-44.7322,45.989,-112.134,0.963342836,0.963342836,0.963342836,0.963342836
25150.1,-3.63516,-45.1078,45.6128,-112.469,0.963342836,0.963342836,0.963342836,0.963342836
25250.2,-3.57287,-45.3774,45.3171,-112.704,0.963342836,0.963342836,0.963342836,0.963342836
25300.1,-3.76498,-45.7511,44.8948,-113.081,0.963342836,0.963342836,0.963342836,0.963342836
25350.2,-3.83805,-46.0334,44.6521,-113.284,0.963342836,0.963342836,0.963342836,0.963342836
25400.1,-3.62447,-45.966,44.6669,-113.236,0.963342836,0.963342836,0.963342836,0.963342836
25450.2,-3.54046,-46.0855,44.5677,-113.301,0.963342836,0.963342836,0.963342836,0.963342836
25500.1,-3.47226,-46.1909,44.4503,-113.383,0.963342836,0.963342836,0.963342836,0.963342836
25550.2,-3.50159,-46.4293,44.2407,-113.559,0.963342836,0.963342836,0.963342836,0.963342836
25650.1,-3.61556,-46.8112,43.7972,-113.929,0.963342836,0.963342836,0.963342836,0.963342836
25700.2,-3.46449,-46.8297,43.7674,-113.925,0.963342836,0.963342836,0.963342836,0.963342836
25750.1,-3.44176,-46.9984,43.5901,-114.063,0.963342836,0.963342836,0.963342836,0.963342836
25800.2,-3.62508,-47.3244,43.2488,-114.369,0.963342836,0.963342836,0.963342836,0.963342836
25850.1,-3.62211,-47.4274,43.092,-114.485,0.963342836,0.963342836,0.963342836,0.963342836
25950.1,-3.6725,-47.8244,42.7203,-114.787,0.963342836,0.963342836,0.963342836,0.963342836
26000.1,-3.43508,-47.7025,42.8015,-114.664,0.963342836,0.963342836,0.963342836,0.963342836
26050.2,-3.41307,-47.8536,42.6446,-114.783,0.963342836,0.963342836,0.963342836,0.963342836
26100.1,-3.55204,-48.1322,42.3649,-115.033,0.963342836,0.963342836,0.963342836,0.963342836
26150.2,-3.869,-48.5992,41.8933,-115.468,0.963342836,0.963342836,0.963342836,0.963342836
26200.1,-3.37781,-48.2207,42.2255,-115.109,0.963342836,0.963342836,0.963342836,0.963342836
26250.2,-3.58748,-48.6076,41.8483,-115.436,0.963342836,0.963342836,0.963342836,0.963342836
26350.1,-3.47879,-48.7545,41.6772,-115.537,0.963342836,0.963342836,0.963342836,0.963342836
26400.2,-3.61022,-49.0201,41.4016,-115.778,0.963342836,0.963342836,0.963342836,0.963342836
26450.1,-3.63234,-49.1273,41.2288,-115.908,0.963342836,0.963342836,0.963342836,0.963342836
26500.2,-3.84837,-49.5157,40.8921,-116.212,0.963342836,0.963342836,0.963342836,0.963342836
26550.1,-3.25256,-49.0191,41.3432,-115.727,0.963342836,0.963342836,0.963342836,0.963342836
26600.2,-3.04686,-48.9922,41.3932,-115.637,0.963342836,0.963342836,0.963342836,0.963342836
26650.1,-3.15246,-49.1775,41.1669,-115.823,0.963342836,0.963342836,0.963342836,0.963342836
26700.2,-3.41682,-49.5999,40.7521,-116.208,0.963342836,0.963342836,0.963342836,0.963342836
26750.2,-3.03485,-49.3265,41.0402,-115.897,0.963342836,0.963342836,0.963342836,0.963342836
26800.1,-3.50124,-49.9151,40.4247,-116.467,0.963342836,0.963342836,0.963342836,0.963342836
26850.2,-3.51661,-50.0247,40.2631,-116.585,0.963342836,0.963342836,0.963342836,0.963342836
26900.1,-3.74465,-50.3984,39.9088,-116.904,0.963342836,0.963342836,0.963342836,0.963342836
27000.1,-3.37585,-50.2465,40.0324,-116.707,0.963342836,0.963342836,0.963342836,0.963342836
27050.2,-3.18543,-50.1697,40.0915,-116.611,0.963342836,0.963342836,0.963342836,0.963342836
27100.1,-3.40713,-50.5192,39.7267,-116.936,0.963342836,0.963342836,0.963342836,0.963342836
27150.1,-3.45216,-50.7328,39.5767,-117.051,0.963342836,0.963342836,0.963342836,0.963342836
27200.2,-3.26995,-50.6095,39.6395,-116.947,0.963342836,0.963342836,0.963342836,0.963342836
27250.1,-3.09958,-50.4994,39.7083,-116.85,0.963342836,0.963342836,0.963342836,0.963342836
27300.2,-3.64945,-51.1738,39.0346,-117.476,0.963342836,0.963342836,0.963342836,0.963342836
27350.1,-3.38332,-51.0358,39.1691,-117.318,0.963342836,0.963342836,0.963342836,0.963342836
27400.2,-2.97405,-50.7243,39.4673,-116.974,0.963342836,0.963342836,0.963342836,0.963342836
27450.1,-3.2623,-51.0775,39.0895,-117.324,0.963342836,0.963342836,0.963342836,0.963342836
27500.2,-3.30382,-51.2432,38.9196,-117.454,0.963342836,0.963342836,0.963342836,0.963342836
27550.2,-3.2986,-51.3388,38.8103,-117.524,0.963342836,0.963342836,0.963342836,0.963342836
27650.2,-3.3208,-51.5633,38.5573,-117.681,0.963342836,0.963342836,0.963342836,0.963342836
27700.1,-3.26186,-51.5566,38.5184,-117.699,0.963342836,0.963342836,0.963342836,0.963342836
27750.2,-3.24094,-51.6986,38.4193,-117.761,0.963342836,0.963342836,0.963342836,0.963342836
27800.1,-3.33785,-51.8768,38.2421,-117.907,0.963342836,0.963342836,0.963342836,0.963342836
27850.2,-3.22399,-51.8028,38.2429,-117.873,0.963342836,0.963342836,0.963342836,0.963342836
27900.2,-3.22003,-51.9267,38.1552,-117.92,0.963342836,0.963342836,0.963342836,0.963342836
27950.1,-2.93362,-51.7531,38.3531,-117.685,0.963342836,0.963342836,0.963342836,0.963342836
28000.2,-3.39455,-52.2596,37.7563,-118.246,0.963342836,0.963342836,0.963342836,0.963342836
28050.1,-3.1618,-52.1608,37.9353,-118.024,0.963342836,0.963342836,0.963342836,0.963342836
28100.2,-3.42686,-52.4745,37.5486,-118.375,0.963342836,0.963342836,0.963342836,0.963342836
28150.1,-2.97169,-52.0908,37.9105,-117.968,0.963342836,0.963342836,0.963342836,0.963342836
28200.2,-3.01493,-52.2298,37.7673,-118.09,0.963342836,0.963342836,0.963342836,0.963342836
28250.2,-2.85237,-52.1746,37.8466,-117.971,0.963342836,0.963342836,0.963342836,0.963342836
28300.1,-3.13364,-52.478,37.4604,-118.31,0.963342836,0.963342836,0.963342836,0.963342836
28350.2,-3.39166,-52.8094,37.1303,-118.603,0.963342836,0.963342836,0.963342836,0.963342836
28400.1,-2.80474,-52.3586,37.5912,-118.101,0.963342836,0.963342836,0.963342836,0.963342836
28450.2,-3.40114,-52.98,36.9274,-118.73,0.963342836,0.963342836,0.963342836,0.963342836
28500.1,-2.69052,-52.4171,37.5396,-118.078,0.963342836,0.963342836,0.963342836,0.963342836
28550.2,-3.33163,-53.0196,36.8161,-118.764,0.963342836,0.963342836,0.963342836,0.963342836
28650.3,-3.41542,-53.3306,36.5756,-118.932,0.963342836,0.963342836,0.963342836,0.963342836
28700.2,-3.09404,-52.9591,36.8163,-118.653,0.963342836,0.963342836,0.963342836,0.963342836
28750.1,-3.3241,-53.3485,36.4991,-118.935,0.963342836,0.963342836,0.963342836,0.963342836
28800.2,-3.08962,-53.1962,36.6336,-118.762,0.963342836,0.963342836,0.963342836,0.963342836
28850.1,-2.80906,-52.9898,36.8397,-118.508,0.963342836,0.963342836,0.963342836,0.963342836
28900.2,-3.05665,-53.2898,36.5129,-118.808,0.963342836,0.963342836,0.963342836,0.963342836
28950.1,-3.04226,-53.3444,36.4361,-118.831,0.963342836,0.963342836,0.963342836,0.963342836
29050.2,-3.29048,-53.7024,36.0265,-119.174,0.963342836,0.963342836,0.963342836,0.963342836
29100.1,-3.2166,-53.7708,36.0288,-119.139,0.963342836,0.963342836,0.963342836,0.963342836
29150.2,-2.69867,-53.2735,36.4655,-118.666,0.963342836,0.963342836,0.963342836,0.963342836
29200.1,-3.19749,-53.7901,35.902,-119.187,0.963342836,0.963342836,0.963342836,0.963342836
29250.2,-2.88019,-53.6113,36.141,-118.924,0.963342836,0.963342836,0.963342836,0.963342836
29300.1,-3.24009,-53.9995,35.7158,-119.3,0.963342836,0.963342836,0.963342836,0.963342836
29350.2,-3.2322,-54.0487,35.6543,-119.325,0.963342836,0.963342836,0.963342836,0.963342836
29450.1,-3.39913,-54.3714,35.3446,-119.569,0.963342836,0.963342836,0.963342836,0.963342836
29500.2,-2.97374,-53.956,35.7103,-119.158,0.963342836,0.963342836,0.963342836,0.963342836
29550.1,-3.36694,-54.3763,35.2365,-119.589,0.963342836,0.963342836,0.963342836,0.963342836
29600.2,-3.14221,-54.1838,35.4006,-119.387,0.963342836,0.963342836,0.963342836,0.963342836
29650.1,-3.32885,-54.4988,35.1254,-119.629,0.963342836,0.963342836,0.963342836,0.963342836
29750.2,-2.76521,-54.0431,35.5641,-119.098,0.963342836,0.963342836,0.963342836,0.963342836
29800.3,-3.32925,-54.6431,34.9199,-119.715,0.963342836,0.963342836,0.963342836,0.963342836
29850.2,-2.42994,-53.7747,35.7828,-118.812,0.963342836,0.963342836,0.963342836,0.963342836
29900.1,-3.50019,-54.9454,34.635,-119.928,0.963342836,0.963342836,0.963342836,0.963342836
29950.2,-3.26684,-54.7743,34.7955,-119.734,0.963342836,0.963342836,0.963342836,0.963342836
30000.1,-3.1703,-54.6892,34.8404,-119.653,0.963342836,0.963342836,0.963342836,0.963342836
30050.2,-2.82594,-54.4412,35.1174,-119.328,0.963342836,0.963342836,0.963342836,0.963342836
30150.3,-2.98683,-54.6557,34.8379,-119.534,0.963342836,0.963342836,0.963342836,0.963342836
30200.2,-3.09027,-54.7848,34.666,-119.665,0.963342836,0.963342836,0.963342836,0.963342836
30250.1,-2.97474,-54.7275,34.7391,-119.548,0.963342836,0.963342836,0.963342836,0.963342836
30300.2,-3.1255,-54.9431,34.5159,-119.736,0.963342836,0.963342836,0.963342836,0.963342836
30350.1,-3.274,-55.065,34.3076,-119.903,0.963342836,0.963342836,0.963342836,0.963342836
30400.2,-3.09537,-54.9938,34.4263,-119.754,0.963342836,0.963342836,0.963342836,0.963342836
30450.1,-3.14438,-55.1435,34.3277,-119.825,0.963342836,0.963342836,0.963342836,0.963342836
30500.2,-3.08826,-55.0887,34.312,-119.793,0.963342836,0.963342836,0.963342836,0.963342836
30550.2,-3.21207,-55.2105,34.1593,-119.912,0.963342836,0.963342836,0.963342836,0.963342836
30600.1,-3.33241,-55.3929,33.9696,-120.06,0.963342836,0.963342836,0.963342836,0.963342836
30650.2,-3.19166,-55.3601,34.0557,-119.933,0.963342836,0.963342836,0.963342836,0.963342836
30700.1,-3.30634,-55.4562,33.8806,-120.067,0.963342836,0.963342836,0.963342836,0.963342836
30750.2,-3.15102,-55.3285,34.0029,-119.92,0.963342836,0.963342836,0.963342836,0.963342836
30800.1,-2.60244,-54.8914,34.464,-119.406,0.963342836,0.963342836,0.963342836,0.963342836
30900.1,-3.00332,-55.344,33.9664,-119.83,0.963342836,0.963342836,0.963342836,0.963342836
30950.3,-2.72974,-55.1164,34.1913,-119.561,0.963342836,0.963342836,0.963342836,0.963342836
31000.2,-2.64284,-55.0646,34.2369,-119.48,0.963342836,0.963342836,0.963342836,0.963342836
31050.1,-3.13979,-55.6038,33.6681,-120.008,0.963342836,0.963342836,0.963342836,0.963342836
31100.2,-3.05961,-55.5642,33.7281,-119.92,0.963342836,0.963342836,0.963342836,0.963342836
31200.2,-2.46994,-55.0218,34.2305,-119.335,0.963342836,0.963342836,0.963342836,0.963342836
31250.1,-2.84685,-55.4926,33.7665,-119.75,0.963342836,0.963342836,0.963342836,0.963342836
31300.2,-3.17759,-55.8677,33.4073,-120.071,0.963342836,0.963342836,0.963342836,0.963342836
31350.2,-2.68912,-55.3451,33.8531,-119.6,0.963342836,0.963342836,0.963342836,0.963342836
31400.1,-2.73963,-55.3598,33.7581,-119.651,0.963342836,0.963342836,0.963342836,0.963342836
31450.2,-3.26247,-55.949,33.183,-120.185,0.963342836,0.963342836,0.963342836,0.963342836
31500.1,-2.94755,-55.7049,33.4319,-119.889,0.963342836,0.963342836,0.963342836,0.963342836
31600.1,-3.20294,-56.0531,33.1257,-120.121,0.963342836,0.963342836,0.963342836,0.963342836
31650.2,-3.05534,-55.951,33.2038,-120.015,0.963342836,0.963342836,0.963342836,0.963342836
31700.2,-2.79558,-55.5833,33.424,-119.748,0.963342836,0.963342836,0.963342836,0.963342836
31750.3,-2.90448,-55.7637,33.2659,-119.867,0.963342836,0.963342836,0.963342836,0.963342836
31800.2,-2.91262,-55.8724,33.2373,-119.876,0.963342836,0.963342836,0.963342836,0.963342836
31850.1,-3.05463,-55.9981,33.0558,-120.007,0.963342836,0.963342836,0.963342836,0.963342836
31900.2,-3.20987,-56.1686,32.8589,-120.159,0.963342836,0.963342836,0.963342836,0.963342836
31950.1,-2.46943,-55.479,33.5531,-119.423,0.963342836,0.963342836,0.963342836,0.963342836
32000.2,-3.09582,-56.1063,32.8853,-120.074,0.963342836,0.963342836,0.963342836,0.963342836
32050.2,-2.3945,-55.4759,33.5231,-119.376,0.963342836,0.963342836,0.963342836,0.963342836
32100.3,-3.7682,-56.9094,32.1335,-120.729,0.963342836,0.963342836,0.963342836,0.963342836
32150.2,-2.7075,-55.7765,33.1542,-119.675,0.963342836,0.963342836,0.963342836,0.963342836
32200.1,-2.48194,-55.6051,33.3555,-119.431,0.963342836,0.963342836,0.963342836,0.963342836
32250.2,-3.16466,-56.1406,32.7289,-120.041,0.963342836,0.963342836,0.963342836,0.963342836
32300.1,-2.60429,-55.7614,33.1437,-119.563,0.963342836,0.963342836,0.963342836,0.963342836
32350.2,-2.9286,-56.1705,32.7688,-119.894,0.963342836,0.963342836,0.963342836,0.963342836
32400.2,-2.92198,-56.147,32.7575,-119.874,0.963342836,0.963342836,0.963342836,0.963342836
32450.3,-2.94447,-56.3091,32.6945,-119.894,0.963342836,0.963342836,0.963342836,0.963342836
32500.2,-3.14429,-56.4672,32.4316,-120.101,0.963342836,0.963342836,0.963342836,0.963342836
32550.1,-3.05429,-56.3539,32.5051,-120.011,0.963342836,0.963342836,0.963342836,0.963342836
32600.2,-2.78113,-56.1265,32.7395,-119.741,0.963342836,0.963342836,0.963342836,0.963342836
32700.2,-3.09591,-56.4589,32.3522,-120.039,0.963342836,0.963342836,0.963342836,0.963342836
32750.1,-2.89686,-56.2924,32.5259,-119.825,0.963342836,0.963342836,0.963342836,0.963342836
32800.3,-2.92976,-56.2642,32.469,-119.847,0.963342836,0.963342836,0.963342836,0.963342836
32850.2,-2.76854,-56.1892,32.6019,-119.669,0.963342836,0.963342836,0.963342836,0.963342836
32900.3,-3.14669,-56.6025,32.1672,-120.068,0.963342836,0.963342836,0.963342836,0.963342836
32950.2,-2.33705,-55.7966,32.9437,-119.248,0.963342836,0.963342836,0.963342836,0.963342836
33000.1,-2.78321,-56.3047,32.4832,-119.671,0.963342836,0.963342836,0.963342836,0.963342836
33050.2,-2.76112,-56.2421,32.4803,-119.639,0.963342836,0.963342836,0.963342836,0.963342836
33100.1,-3.09279,-56.5821,32.1122,-119.955,0.963342836,0.963342836,0.963342836,0.963342836
33150.2,-2.66653,-56.1882,32.5153,-119.516,0.963342836,0.963342836,0.963342836,0.963342836
33200.2,-2.99192,-56.496,32.1426,-119.859,0.963342836,0.963342836,0.963342836,0.963342836
33250.3,-2.76946,-56.3186,32.339,-119.62,0.963342836,0.963342836,0.963342836,0.963342836
33300.2,-2.92555,-56.4573,32.1278,-119.773,0.963342836,0.963342836,0.963342836,0.963342836
33400.2,-2.69307,-56.3432,32.3379,-119.496,0.963342836,0.963342836,0.963342836,0.963342836
33450.1,-2.67427,-56.274,32.3199,-119.483,0.963342836,0.963342836,0.963342836,0.963342836
33500.2,-2.73564,-56.3572,32.23,-119.525,0.963342836,0.963342836,0.963342836,0.963342836
33550.2,-2.93325,-56.5658,31.9968,-119.731,0.963342836,0.963342836,0.963342836,0.963342836
33600.3,-3.06806,-56.6882,31.8568,-119.834,0.963342836,0.963342836,0.963342836,0.963342836
33650.2,-2.84951,-56.5691,32.0257,-119.617,0.963342836,0.963342836,0.963342836,0.963342836
33700.1,-3.27654,-56.9708,31.5622,-120.031,0.963342836,0.963342836,0.963342836,0.963342836
33800.1,-3.39561,-57.1221,31.4068,-120.117,0.963342836,0.963342836,0.963342836,0.963342836
33850.2,-2.94024,-56.7031,31.8102,-119.662,0.963342836,0.963342836,0.963342836,0.963342836
33900.1,-2.70766,-56.4815,32.0192,-119.409,0.963342836,0.963342836,0.963342836,0.963342836
33950.3,-2.84822,-56.5802,31.8776,-119.536,0.963342836,0.963342836,0.963342836,0.963342836
34000.2,-2.53142,-56.3833,32.1367,-119.228,0.963342836,0.963342836,0.963342836,0.963342836
34050.3,-2.81594,-56.5661,31.8456,-119.462,0.963342836,0.963342836,0.963342836,0.963342836
34100.2,-2.58497,-56.3852,32.0455,-119.232,0.963342836,0.963342836,0.963342836,0.963342836
34150.1,-2.97638,-56.7822,31.6211,-119.603,0.963342836,0.963342836,0.963342836,0.963342836
34200.2,-2.76448,-56.5636,31.8209,-119.372,0.963342836,0.963342836,0.963342836,0.963342836
34250.1,-2.39333,-56.1829,32.1614,-119.002,0.963342836,0.963342836,0.963342836,0.963342836
34300.2,-3.07971,-56.8601,31.4545,-119.657,0.963342836,0.963342836,0.963342836,0.963342836
34350.2,-2.44851,-56.3176,32.0647,-119.015,0.963342836,0.963342836,0.963342836,0.963342836
34400.3,-2.90594,-56.8073,31.5601,-119.453,0.963342836,0.963342836,0.963342836,0.963342836
34450.2,-2.55267,-56.3985,31.9316,-119.054,0.963342836,0.963342836,0.963342836,0.963342836
34500.1,-2.64037,-56.4736,31.8286,-119.139,0.963342836,0.963342836,0.963342836,0.963342836
34550.2,-2.81914,-56.6725,31.6098,-119.311,0.963342836,0.963342836,0.963342836,0.963342836
34600.1,-2.44605,-56.3783,31.9555,-118.916,0.963342836,0.963342836,0.963342836,0.963342836
34650.2,-2.79526,-56.6878,31.581,-119.244,0.963342836,0.963342836,0.963342836,0.963342836
34750.3,-2.73937,-56.6339,31.6207,-119.145,0.963342836,0.963342836,0.963342836,0.963342836
34800.2,-2.31089,-56.1938,32.0114,-118.688,0.963342836,0.963342836,0.963342836,0.963342836
34850.3,-2.97749,-56.8563,31.3274,-119.339,0.963342836,0.963342836,0.963342836,0.963342836
34900.2,-2.7089,-56.6146,31.547,-119.084,0.963342836,0.963342836,0.963342836,0.963342836
34950.1,-2.87412,-56.7488,31.3815,-119.206,0.963342836,0.963342836,0.963342836,0.963342836
35000.2,-2.56047,-56.546,31.6853,-118.871,0.963342836,0.963342836,0.963342836,0.963342836
35050.2,-2.77813,-56.6271,31.4538,-119.048,0.963342836,0.963342836,0.963342836,0.963342836
35100.3,-2.70454,-56.6683,31.5,-118.967,0.963342836,0.963342836,0.963342836,0.963342836
35150.2,-2.55011,-56.501,31.6444,-118.8,0.963342836,0.963342836,0.963342836,0.963342836
35200.3,-3.04697,-56.9612,31.1226,-119.28,0.963342836,0.963342836,0.963342836,0.963342836
35250.2,-2.21605,-56.1588,31.9063,-118.445,0.963342836,0.963342836,0.963342836,0.963342836
35300.1,-2.79949,-56.6762,31.3413,-118.961,0.963342836,0.963342836,0.963342836,0.963342836
35400.1,-3.06701,-57.0932,31.007,-119.208,0.963342836,0.963342836,0.963342836,0.963342836
35450.2,-2.27601,-56.224,31.7839,-118.394,0.963342836,0.963342836,0.963342836,0.963342836
35500.2,-2.57744,-56.4219,31.4769,-118.667,0.963342836,0.963342836,0.963342836,0.963342836
35550.3,-2.33011,-56.2642,31.7193,-118.386,0.963342836,0.963342836,0.963342836,0.963342836
35600.2,-2.70098,-56.688,31.3183,-118.744,0.963342836,0.963342836,0.963342836,0.963342836
35650.1,-2.647,-56.5491,31.3724,-118.655,0.963342836,0.963342836,0.963342836,0.963342836
35700.2,-2.92033,-56.9253,31.0659,-118.927,0.963342836,0.963342836,0.963342836,0.963342836
35800.2,-2.52898,-56.499,31.4105,-118.489,0.963342836,0.963342836,0.963342836,0.963342836
35850.2,-2.28878,-56.3125,31.6394,-118.219,0.963342836,0.963342836,0.963342836,0.963342836
35900.3,-2.69878,-56.5721,31.2405,-118.589,0.963342836,0.963342836,0.963342836,0.963342836
35950.2,-2.8822,-56.8156,31.0382,-118.745,0.963342836,0.963342836,0.963342836,0.963342836
36000.3,-3.10046,-57.0483,30.794,-118.941,0.963342836,0.963342836,0.963342836,0.963342836
36050.2,-2.80849,-56.7233,31.0674,-118.625,0.963342836,0.963342836,0.963342836,0.963342836
36100.1,-2.79961,-56.7604,31.0674,-118.611,0.963342836,0.963342836,0.963342836,0.963342836
36200.2,-2.84185,-56.8064,30.99,-118.589,0.963342836,0.963342836,0.963342836,0.963342836
36250.3,-2.44119,-56.4129,31.3834,-118.155,0.963342836,0.963342836,0.963342836,0.963342836
36300.2,-2.29934,-56.2877,31.524,-117.993,0.963342836,0.963342836,0.963342836,0.963342836
36350.3,-2.31315,-56.2876,31.4933,-117.974,0.963342836,0.963342836,0.963342836,0.963342836
36400.2,-2.42617,-56.3175,31.3617,-118.071,0.963342836,0.963342836,0.963342836,0.963342836
36450.1,-2.42555,-56.3809,31.3535,-118.022,0.963342836,0.963342836,0.963342836,0.963342836
36500.2,-2.23692,-56.126,31.5046,-117.817,0.963342836,0.963342836,0.963342836,0.963342836
36550.1,-2.30178,-56.2553,31.4329,-117.862,0.963342836,0.963342836,0.963342836,0.963342836
36600.3,-2.50424,-56.4138,31.2547,-118.002,0.963342836,0.963342836,0.963342836,0.963342836
36650.2,-2.55924,-56.4571,31.1561,-118.044,0.963342836,0.963342836,0.963342836,0.963342836
36700.3,-2.51962,-56.3942,31.189,-117.984,0.963342836,0.963342836,0.963342836,0.963342836
36750.2,-2.63667,-56.4559,31.0449,-118.088,0.963342836,0.963342836,0.963342836,0.963342836
36850.2,-2.94253,-56.8403,30.7204,-118.312,0.963342836,0.963342836,0.963342836,0.963342836
36900.1,-2.21501,-56.0483,31.4631,-117.547,0.963342836,0.963342836,0.963342836,0.963342836
36950.2,-2.69023,-56.5871,30.9821,-118.005,0.963342836,0.963342836,0.963342836,0.963342836
37000.2,-2.61669,-56.5836,31.0204,-117.911,0.963342836,0.963342836,0.963342836,0.963342836
37050.3,-2.53759,-56.4664,31.0883,-117.797,0.963342836,0.963342836,0.963342836,0.963342836
37100.2,-2.15224,-56.0906,31.4695,-117.373,0.963342836,0.963342836,0.963342836,0.963342836
37150.3,-2.92194,-56.7853,30.698,-118.106,0.963342836,0.963342836,0.963342836,0.963342836
37250.1,-2.45671,-56.3597,31.1394,-117.581,0.963342836,0.963342836,0.963342836,0.963342836
37300.2,-2.96055,-56.8014,30.6195,-118.062,0.963342836,0.963342836,0.963342836,0.963342836
37350.2,-2.24756,-56.1123,31.3221,-117.324,0.963342836,0.963342836,0.963342836,0.963342836
37400.3,-2.33016,-56.0912,31.2368,-117.326,0.963342836,0.963342836,0.963342836,0.963342836
37450.2,-2.65533,-56.4153,30.89,-117.667,0.963342836,0.963342836,0.963342836,0.963342836
37500.3,-2.42727,-56.2879,31.1135,-117.402,0.963342836,0.963342836,0.963342836,0.963342836
37550.2,-2.24269,-56.1762,31.2795,-117.209,0.963342836,0.963342836,0.963342836,0.963342836
37600.1,-2.31526,-56.1001,31.2076,-117.237,0.963342836,0.963342836,0.963342836,0.963342836
37650.2,-2.33197,-56.1025,31.1749,-117.213,0.963342836,0.963342836,0.963342836,0.963342836
37700.1,-2.02565,-55.7645,31.4812,-116.87,0.963342836,0.963342836,0.963342836,0.963342836
37750.2,-2.43391,-56.2595,31.0352,-117.266,0.963342836,0.963342836,0.963342836,0.963342836
37800.2,-2.56356,-56.3738,30.97,-117.322,0.963342836,0.963342836,0.963342836,0.963342836
37900.2,-2.61895,-56.3904,30.8426,-117.338,0.963342836,0.963342836,0.963342836,0.963342836
37950.3,-2.78587,-56.4638,30.7125,-117.419,0.963342836,0.963342836,0.963342836,0.963342836
38000.2,-2.16974,-55.9568,31.2865,-116.813,0.963342836,0.963342836,0.963342836,0.963342836
38050.1,-2.62576,-56.4277,30.8213,-117.261,0.963342836,0.963342836,0.963342836,0.963342836
38100.2,-1.80877,-55.5932,31.639,-116.39,0.963342836,0.963342836,0.963342836,0.963342836
38150.2,-2.49132,-56.1713,30.944,-117.027,0.963342836,0.963342836,0.963342836,0.963342836
38200.3,-2.60501,-56.2639,30.844,-117.083,0.963342836,0.963342836,0.963342836,0.963342836
38300.3,-2.08792,-55.7502,31.3208,-116.518,0.963342836,0.963342836,0.963342836,0.963342836
38350.2,-2.33026,-56.0527,31.0798,-116.741,0.963342836,0.963342836,0.963342836,0.963342836
38400.1,-2.65819,-56.1953,30.7357,-117.032,0.963342836,0.963342836,0.963342836,0.963342836
38450.2,-2.67613,-56.3228,30.7183,-117.011,0.963342836,0.963342836,0.963342836,0.963342836
38500.2,-2.30924,-55.8825,31.0853,-116.587,0.963342836,0.963342836,0.963342836,0.963342836
38600.2,-2.89459,-56.522,30.4874,-117.113,0.963342836,0.963342836,0.963342836,0.963342836
38650.3,-2.4318,-55.9556,30.9424,-116.624,0.963342836,0.963342836,0.963342836,0.963342836
38700.2,-2.25472,-55.8476,31.134,-116.389,0.963342836,0.963342836,0.963342836,0.963342836
38750.1,-2.35671,-55.9335,31.0112,-116.458,0.963342836,0.963342836,0.963342836,0.963342836
38800.2,-2.55698,-56.0461,30.8098,-116.64,0.963342836,0.963342836,0.963342836,0.963342836
38850.1,-1.95585,-55.5378,31.3899,-115.993,0.963342836,0.963342836,0.963342836,0.963342836
38900.3,-2.93766,-56.383,30.4253,-116.913,0.963342836,0.963342836,0.963342836,0.963342836
39000.3,-2.66446,-56.1633,30.6751,-116.601,0.963342836,0.963342836,0.963342836,0.963342836
39050.2,-2.49645,-56.0265,30.845,-116.387,0.963342836,0.963342836,0.963342836,0.963342836
39100.3,-2.2116,-55.7418,31.1098,-116.073,0.963342836,0.963342836,0.963342836,0.963342836
39150.2,-2.78873,-56.2837,30.5303,-116.614,0.963342836,0.963342836,0.963342836,0.963342836
39200.1,-2.03895,-55.5883,31.2838,-115.822,0.963342836,0.963342836,0.963342836,0.963342836
39300.2,-1.99847,-55.3741,31.325,-115.704,0.963342836,0.963342836,0.963342836,0.963342836
39350.3,-2.68701,-56.2331,30.6427,-116.348,0.963342836,0.963342836,0.963342836,0.963342836
39400.2,-2.31462,-55.5871,31.0205,-115.898,0.963342836,0.963342836,0.963342836,0.963342836
39450.3,-2.55577,-55.9248,30.7735,-116.126,0.963342836,0.963342836,0.963342836,0.963342836
39500.2,-2.5291,-55.9388,30.804,-116.065,0.963342836,0.963342836,0.963342836,0.963342836
39550.1,-2.44807,-55.7741,30.8715,-115.967,0.963342836,0.963342836,0.963342836,0.963342836
39600.2,-1.93393,-55.2924,31.3827,-115.386,0.963342836,0.963342836,0.963342836,0.963342836
39700.3,-1.99055,-55.2694,31.2928,-115.402,0.963342836,0.963342836,0.963342836,0.963342836
39750.2,-2.85678,-56.1554,30.4232,-116.207,0.963342836,0.963342836,0.963342836,0.963342836
39800.3,-2.51912,-55.7715,30.7855,-115.826,0.963342836,0.963342836,0.963342836,0.963342836
39850.2,-2.15178,-55.4375,31.118,-115.432,0.963342836,0.963342836,0.963342836,0.963342836
39900.1,-2.44108,-55.6431,30.8449,-115.662,0.963342836,0.963342836,0.963342836,0.963342836
40000.2,-2.12174,-55.3461,31.1426,-115.273,0.963342836,0.963342836,0.963342836,0.963342836
40050.3,-2.21565,-55.4103,31.0562,-115.33,0.963342836,0.963342836,0.963342836,0.963342836
40100.2,-2.5376,-55.7003,30.7568,-115.608,0.963342836,0.963342836,0.963342836,0.963342836
40150.3,-2.35687,-55.4461,30.9136,-115.389,0.963342836,0.963342836,0.963342836,0.963342836
40200.2,-2.08317,-55.3319,31.1777,-115.081,0.963342836,0.963342836,0.963342836,0.963342836
40250.3,-2.47463,-55.5458,30.8329,-115.378,0.963342836,0.963342836,0.963342836,0.963342836
40300.2,-2.54093,-55.7942,30.7402,-115.43,0.963342836,0.963342836,0.963342836,0.963342836
40400.3,-2.67992,-55.7037,30.6058,-115.507,0.963342836,0.963342836,0.963342836,0.963342836
40450.2,-2.81461,-55.8716,30.4712,-115.588,0.963342836,0.963342836,0.963342836,0.963342836
40500.3,-2.60741,-55.6521,30.6577,-115.35,0.963342836,0.963342836,0.963342836,0.963342836
40550.2,-1.97789,-54.9454,31.3138,-114.669,0.963342836,0.963342836,0.963342836,0.963342836
40600.3,-2.73941,-55.6592,30.5415,-115.384,0.963342836,0.963342836,0.963342836,0.963342836
40700.1,-2.43452,-55.4531,30.8284,-115.016,0.963342836,0.963342836,0.963342836,0.963342836
40750.2,-2.8987,-55.9623,30.3628,-115.433,0.963342836,0.963342836,0.963342836,0.963342836
40800.2,-2.76659,-55.6226,30.5134,-115.25,0.963342836,0.963342836,0.963342836,0.963342836
40850.3,-2.67872,-55.565,30.5924,-115.122,0.963342836,0.963342836,0.963342836,0.963342836
40900.2,-2.14131,-55.0556,31.1162,-114.558,0.963342836,0.963342836,0.963342836,0.963342836
40950.3,-2.16161,-55.0573,31.1053,-114.517,0.963342836,0.963342836,0.963342836,0.963342836
41000.2,-2.62563,-55.4972,30.6525,-114.938,0.963342836,0.963342836,0.963342836,0.963342836
41100.2,-2.26639,-55.0658,31.0038,-114.488,0.963342836,0.963342836,0.963342836,0.963342836
41150.2,-2.4356,-55.1673,30.8515,-114.619,0.963342836,0.963342836,0.963342836,0.963342836
41200.3,-1.9179,-54.6641,31.3587,-114.047,0.963342836,0.963342836,0.963342836,0.963342836
41250.2,-2.63383,-55.4716,30.6355,-114.739,0.963342836,0.963342836,0.963342836,0.963342836
41300.3,-2.42447,-55.1036,30.836,-114.493,0.963342836,0.963342836,0.963342836,0.963342836
41400.3,-2.12727,-54.8559,31.1684,-114.086,0.963342836,0.963342836,0.963342836,0.963342836
41450.2,-1.90307,-54.5111,31.3838,-113.828,0.963342836,0.963342836,0.963342836,0.963342836
41550.3,-2.47754,-55.1,30.7838,-114.324,0.963342836,0.963342836,0.963342836,0.963342836
41600.2,-2.28694,-54.8246,30.9969,-114.091,0.963342836,0.963342836,0.963342836,0.963342836
41650.3,-2.62601,-55.2066,30.6455,-114.378,0.963342836,0.963342836,0.963342836,0.963342836
41700.2,-2.5422,-55.0245,30.7385,-114.255,0.963342836,0.963342836,0.963342836,0.963342836
41750.3,-1.93887,-54.4675,31.3368,-113.593,0.963342836,0.963342836,0.963342836,0.963342836
41800.2,-2.56383,-55.1315,30.7261,-114.169,0.963342836,0.963342836,0.963342836,0.963342836
41850.1,-1.63888,-54.1315,31.6646,-113.205,0.963342836,0.963342836,0.963342836,0.963342836
41900.2,-1.60972,-54.1087,31.6587,-113.145,0.963342836,0.963342836,0.963342836,0.963342836
41950.2,-1.85916,-54.2847,31.4549,-113.336,0.963342836,0.963342836,0.963342836,0.963342836
42000.3,-1.67598,-54.1215,31.61,-113.121,0.963342836,0.963342836,0.963342836,0.963342836
42050.2,-2.10618,-54.4769,31.1859,-113.508,0.963342836,0.963342836,0.963342836,0.963342836
42100.3,-2.43552,-54.8686,30.8662,-113.802,0.963342836,0.963342836,0.963342836,0.963342836
42200.3,-2.61475,-54.8644,30.6936,-113.865,0.963342836,0.963342836,0.963342836,0.963342836
42250.2,-2.5105,-54.8351,30.8091,-113.712,0.963342836,0.963342836,0.963342836,0.963342836
42300.2,-2.28813,-54.4906,31.0276,-113.434,0.963342836,0.963342836,0.963342836,0.963342836
42350.3,-2.4554,-54.6334,30.855,-113.588,0.963342836,0.963342836,0.963342836,0.963342836
42400.2,-1.72607,-53.9034,31.5852,-112.809,0.963342836,0.963342836,0.963342836,0.963342836
42450.3,-2.20971,-54.3323,31.1187,-113.216,0.963342836,0.963342836,0.963342836,0.963342836
42500.2,-2.42424,-54.6169,30.9253,-113.389,0.963342836,0.963342836,0.963342836,0.963342836
42600.2,-2.54353,-54.73,30.7821,-113.418,0.963342836,0.963342836,0.963342836,0.963342836
42650.2,-2.29285,-54.4057,31.0455,-113.124,0.963342836,0.963342836,0.963342836,0.963342836
42700.3,-2.64399,-54.7187,30.6965,-113.439,0.963342836,0.963342836,0.963342836,0.963342836
42750.2,-2.14814,-54.1971,31.2096,-112.896,0.963342836,0.963342836,0.963342836,0.963342836
42800.3,-1.59657,-53.6809,31.748,-112.311,0.963342836,0.963342836,0.963342836,0.963342836
42850.2,-2.55837,-54.58,30.8212,-113.185,0.963342836,0.963342836,0.963342836,0.963342836
42900.3,-2.04939,-53.8932,31.319,-112.63,0.963342836,0.963342836,0.963342836,0.963342836
43000.1,-2.06341,-53.9649,31.3054,-112.576,0.963342836,0.963342836,0.963342836,0.963342836
43050.3,-2.33912,-54.2245,31.0266,-112.816,0.963342836,0.963342836,0.963342836,0.963342836
43100.2,-2.61378,-54.4613,30.7532,-113.047,0.963342836,0.963342836,0.963342836,0.963342836
43150.3,-2.07716,-54.0332,31.3248,-112.433,0.963342836,0.963342836,0.963342836,0.963342836
43200.2,-2.28828,-54.1169,31.0964,-112.627,0.963342836,0.963342836,0.963342836,0.963342836
43250.3,-2.5669,-54.3985,30.8346,-112.829,0.963342836,0.963342836,0.963342836,0.963342836
43300.2,-2.14464,-53.7957,31.2427,-112.362,0.963342836,0.963342836,0.963342836,0.963342836
43400.2,-1.59274,-53.264,31.8114,-111.717,0.963342836,0.963342836,0.963342836,0.963342836
43450.2,-2.3055,-53.9713,31.1017,-112.402,0.963342836,0.963342836,0.963342836,0.963342836
43500.3,-1.95489,-53.5687,31.4786,-111.964,0.963342836,0.963342836,0.963342836,0.963342836
43550.2,-2.27493,-53.9083,31.1614,-112.25,0.963342836,0.963342836,0.963342836,0.963342836
43600.3,-1.94226,-53.6205,31.4918,-111.886,0.963342836,0.963342836,0.963342836,0.963342836
43700.3,-1.9628,-53.4507,31.4699,-111.799,0.963342836,0.963342836,0.963342836,0.963342836
43750.2,-2.13323,-53.6695,31.3006,-111.935,0.963342836,0.963342836,0.963342836,0.963342836
43800.2,-2.47355,-53.8815,30.9571,-112.22,0.963342836,0.963342836,0.963342836,0.963342836
43850.3,-1.72749,-53.303,31.7121,-111.428,0.963342836,0.963342836,0.963342836,0.963342836
43900.2,-1.59692,-53.1035,31.8708,-111.234,0.963342836,0.963342836,0.963342836,0.963342836
43950.3,-2.55529,-53.9975,30.9192,-112.145,0.963342836,0.963342836,0.963342836,0.963342836
44000.2,-2.42946,-53.9026,31.032,-111.975,0.963342836,0.963342836,0.963342836,0.963342836
44100.2,-2.20158,-53.4854,31.2714,-111.656,0.963342836,0.963342836,0.963342836,0.963342836
44150.3,-2.10175,-53.4108,31.3845,-111.485,0.963342836,0.963342836,0.963342836,0.963342836
44200.3,-1.36127,-52.6517,32.1504,-110.71,0.963342836,0.963342836,0.963342836,0.963342836
44250.2,-1.65022,-52.9098,31.8465,-110.941,0.963342836,0.963342836,0.963342836,0.963342836
44300.3,-1.69576,-52.8824,31.8108,-110.939,0.963342836,0.963342836,0.963342836,0.963342836
44350.2,-1.77257,-53.0183,31.7502,-110.966,0.963342836,0.963342836,0.963342836,0.963342836
44400.3,-1.92177,-53.0573,31.6116,-111.037,0.963342836,0.963342836,0.963342836,0.963342836
44500.3,-2.0959,-53.1947,31.4179,-111.156,0.963342836,0.963342836,0.963342836,0.963342836
44550.3,-1.51101,-52.5029,32.0448,-110.492,0.963342836,0.963342836,0.963342836,0.963342836
44600.2,-1.95016,-52.8942,31.61,-110.899,0.963342836,0.963342836,0.963342836,0.963342836
44650.3,-2.23203,-53.248,31.3149,-111.146,0.963342836,0.963342836,0.963342836,0.963342836
44700.2,-2.36551,-53.4109,31.1798,-111.229,0.963342836,0.963342836,0.963342836,0.963342836
44750.3,-2.01623,-52.9471,31.533,-110.811,0.963342836,0.963342836,0.963342836,0.963342836
44800.2,-1.49179,-52.4851,32.0348,-110.265,0.963342836,0.963342836,0.963342836,0.963342836
44850.3,-2.39246,-53.2765,31.1967,-111.081,0.963342836,0.963342836,0.963342836,0.963342836
44900.2,-1.92645,-52.7253,31.6988,-110.553,0.963342836,0.963342836,0.963342836,0.963342836
44950.2,-1.84362,-52.4907,31.7565,-110.435,0.963342836,0.963342836,0.963342836,0.963342836