Time - Gen,Voltage - Gen,Voltage - R,Voltage - L,Voltage - C
0,"2.07615","0.729182","-2.98963","4.76692"
"0.0001","2.51613","0.0930609","-0.329838","3.10008"
"0.0002","2.51484","0.00577553","0.000300072","2.63176"
"0.0003","2.51387","-0.0025987","0.0176927","2.53449"
"0.0004","2.51258","-0.00163244","0.00931848","2.51838"
"0.0005","2.5142","-0.00131036","0.00513136","2.51774"
"0.0006","2.51645","-0.000666186","0.00577553","2.51709"
"0.0007","2.51452","-0.00131036","0.00448719","2.51677"
"0.0008","2.51613","-0.000666186","0.00545345","2.51774"
"0.0009","2.51548","-0.00131036","0.00480928","2.51742"
"0.001","2.5142","-2.20E-05","0.00255467","2.51935"
"0.0011","2.51742","-0.00131036","0.00609762","2.51935"
"0.0012","2.51484","-0.000666186","0.00480928","2.51903"
"0.0013","2.51484","-0.00131036","0.0041651","2.51935"
"0.0014","2.51613","-0.000988272","0.0041651","2.52064"
"0.0015","2.51484","-0.000988272","0.00480928","2.51999"
"0.0016","2.51355","-0.0003441","0.00319885","2.51967"
"0.0017","2.5187","-0.00131036","0.00352093","2.51999"
"0.0018","2.51774","-0.000988272","0.00641971","2.52031"
"0.0019","2.51774","-0.000666186","0.00609762","2.52031"
"0.002","2.51806","-0.000666186","0.00545345","2.51999"
"0.0021","2.51742","-0.00131036","0.00352093","2.52031"
"0.0022","2.51709","-0.000988272","0.00384302","2.51967"
"0.0023","2.51838","-0.00131036","0.00384302","2.51999"
"0.0024","2.51645","-0.000666186","0.00287676","2.52031"
"0.0025","2.51645","-0.00131036","0.0041651","2.52031"
"0.0026","2.51709","-0.000988272","0.00223259","2.52031"
"0.0027","2.51645","-0.00131036","0.0041651","2.52096"
"0.0028","2.51774","-0.000988272","0.00384302","2.52031"
"0.0029","2.51742","-0.00131036","0.00480928","2.51999"
"0.003","2.51935","-0.000988272","0.0041651","2.52064"
"0.0031","2.51709","-0.000988272","0.00577553","2.51935"
"0.0032","2.5187","-0.000666186","0.00448719","2.52031"
"0.0033","2.51838","-0.00131036","0.00545345","2.52064"
"0.0034","2.51774","-0.000666186","0.00448719","2.52064"
"0.0035","2.5187","-0.00163244","0.00577553","2.52031"
"0.0036","2.51806","-0.000666186","0.00480928","2.52031"
"0.0037","2.51967","-0.00163244","0.00609762","2.52031"
"0.0038","2.51838","-0.000988272","0.00545345","2.51999"
"0.0039","2.51613","-0.000666186","0.00319885","2.52031"
"0.004","2.5187","-0.000988272","0.0041651","2.52031"
"0.0041","2.51774","-0.00131036","0.00287676","2.51999"
"0.0042","2.5187","-0.0003441","0.00480928","2.52031"
"0.0043","2.51677","-0.00131036","0.00577553","2.51999"
"0.0044","2.5187","-0.000988272","0.00287676","2.52064"
"0.0045","2.51742","-0.00131036","0.00448719","2.51935"
"0.0046","2.51709","-0.000666186","0.00384302","2.52096"
"0.0047","2.51645","-0.00131036","0.00255467","2.52064"
"0.0048","2.51774","-0.000988272","0.00480928","2.52064"
"0.0049","2.51774","-0.00131036","0.00545345","2.51999"
"0.005","2.5187","-0.000988272","0.00448719","2.52031"
"0.0051","2.51774","-0.00131036","0.0041651","2.52064"
"0.0052","2.51613","-0.000988272","0.0041651","2.52031"
"0.0053","2.51838","-0.00131036","0.00513136","2.52064"
"0.0054","2.51903","-0.000988272","0.00513136","2.51999"
"0.0055","2.51742","-0.000988272","0.00384302","2.52064"
"0.0056","2.51581","-0.000666186","0.00287676","2.52031"
"0.0057","2.51774","-0.00131036","0.00513136","2.52096"
"0.0058","2.51613","-0.000988272","0.00577553","2.52096"
"0.0059","2.51548","-0.000988272","0.00352093","2.52096"
"0.006","2.51935","-0.000666186","0.00480928","2.52031"
"0.0061","2.5187","-0.000988272","0.00641971","2.51999"
"0.0062","2.51935","-0.0003441","0.00352093","2.52096"
"0.0063","2.51709","-0.00131036","0.00319885","2.51999"
"0.0064","2.51903","-2.20E-05","0.00384302","2.52031"
"0.0065","2.51548","-0.00163244","0.0041651","2.52031"
"0.0066","2.51709","-0.000988272","0.00513136","2.52128"
"0.0067","2.51774","-0.00131036","0.00513136","2.52064"
"0.0068","2.51838","-0.0003441","0.00448719","2.51999"
"0.0069","2.51645","-0.000666186","0.00513136","2.52031"
"0.007","2.51709","-0.00131036","0.00480928","2.52064"
"0.0071","2.51677","-0.000988272","0.00352093","2.52031"
"0.0072","2.51516","-0.000988272","0.00384302","2.52128"
"0.0073","2.51581","-0.00131036","0.0041651","2.52031"
"0.0074","2.51774","-0.00131036","0.00287676","2.51999"
"0.0075","2.5142","-0.00163244","0.0041651","2.51999"
"0.0076","2.51613","-0.000666186","0.00384302","2.52031"
"0.0077","2.51774","-0.00131036","0.00319885","2.51999"
"0.0078","2.51645","-0.0003441","0.00448719","2.52096"
"0.0079","2.51838","-0.00131036","0.00448719","2.52096"
"0.008","2.51838","-0.000988272","0.00577553","2.51999"
"0.0081","2.51613","-0.00131036","0.00577553","2.52064"
"0.0082","2.51709","-0.000666186","0.00480928","2.51967"
"0.0083","2.51774","-0.000988272","0.00480928","2.52096"
"0.0084","2.51742","-0.000988272","0.00352093","2.51967"
"0.0085","2.51774","-0.00131036","0.00448719","2.52064"
"0.0086","2.51709","-0.0003441","0.00513136","2.52031"
"0.0087","2.51806","-0.000988272","0.0041651","2.51999"
"0.0088","2.51903","-0.00131036","0.0041651","2.52064"
"0.0089","2.5187","-0.000988272","0.00352093","2.52031"
"0.009","2.51774","-0.000988272","0.00513136","2.52031"
"0.0091","2.5187","-0.00131036","0.00384302","2.52031"
"0.0092","2.51742","-2.20E-05","0.00480928","2.52031"
"0.0093","2.51645","-0.00163244","0.00384302","2.52096"
"0.0094","2.51677","-0.000666186","0.00448719","2.51999"
"0.0095","2.51742","-0.000666186","0.00480928","2.52031"
"0.0096","2.51742","-0.0003441","0.00319885","2.52031"
"0.0097","2.51677","-0.00131036","0.00384302","2.52096"
"0.0098","2.51709","-0.0003441","0.00255467","2.52096"
"0.0099","2.51806","-0.00131036","0.00480928","2.52064"
"0.01","2.51742","-0.000666186","0.00448719","2.52096"
"0.0101","2.51903","-0.00131036","0.00352093","2.52064"
"0.0102","2.51838","-0.000666186","0.00448719","2.52064"
"0.0103","2.51806","-0.00163244","0.00255467","2.52031"
"0.0104","2.51806","-0.000988272","0.00255467","2.5216"
"0.0105","2.51709","-0.00131036","0.0041651","2.52096"
"0.0106","2.51581","-0.000666186","0.00577553","2.52064"
"0.0107","2.51806","-0.000988272","0.0041651","2.52128"
"0.0108","2.51774","-0.000666186","0.00609762","2.52031"
"0.0109","2.5187","-0.000666186","0.00609762","2.52064"
"0.011","2.51838","-0.000988272","0.00319885","2.52064"
"0.0111","2.51613","-0.00163244","0.00480928","2.5216"
"0.0112","2.51903","-0.0003441","0.00319885","2.52096"
"0.0113","2.51645","-0.000988272","0.00287676","2.52096"
"0.0114","2.51742","-0.000988272","0.00384302","2.52031"
"0.0115","2.51677","-0.000988272","0.00513136","2.52064"
"0.0116","2.51806","-0.0003441","0.00352093","2.52096"
"0.0117","2.51581","-0.00131036","0.00641971","2.52096"
"0.0118","2.51613","-0.000988272","0.00384302","2.51999"
"0.0119","2.51613","-0.000988272","0.00255467","2.52064"
"0.012","2.51806","-0.000666186","0.00480928","2.51999"
"0.0121","2.51709","-0.00163244","0.00384302","2.52096"
"0.0122","2.51838","-0.0003441","0.0041651","2.52096"
"0.0123","2.51774","-0.000988272","0.00513136","2.52064"
"0.0124","2.51709","-0.000666186","0.00448719","2.52128"
"0.0125","2.5187","-0.00163244","0.00448719","2.51967"
"0.0126","2.51613","-0.000666186","0.00513136","2.52096"
"0.0127","2.51613","-0.000988272","0.00674179","2.51999"
"0.0128","2.51806","-0.000666186","0.00223259","2.52096"
"0.0129","2.51967","-0.000666186","0.00384302","2.52064"
"0.013","2.5187","-2.20E-05","0.00577553","2.51999"
"0.0131","2.51774","-0.00131036","0.00545345","2.51999"
"0.0132","2.51838","-0.0003441","0.00513136","2.52031"
"0.0133","2.51774","-0.00131036","0.00577553","2.52031"
"0.0134","2.52031","-0.000988272","0.00448719","2.52096"
"0.0135","2.51838","-0.00131036","0.00545345","2.52031"
"0.0136","2.51774","-0.000666186","0.00480928","2.52031"
"0.0137","2.51613","-0.000988272","0.00448719","2.52096"
"0.0138","2.51742","-0.0003441","0.00384302","2.52064"
"0.0139","2.51613","-0.000988272","0.00480928","2.52064"
"0.014","2.51806","-0.00131036","0.00319885","2.52096"
"0.0141","2.51806","-0.00131036","0.00287676","2.51999"
"0.0142","2.51967","-0.0003441","0.00319885","2.52128"
"0.0143","2.51581","-0.00131036","0.00448719","2.52128"
"0.0144","2.51774","-0.00163244","0.00384302","2.52064"
"0.0145","2.51935","-0.000988272","0.00352093","2.51999"
"0.0146","2.51709","-0.000988272","0.00448719","2.52096"
"0.0147","2.51709","-0.00163244","0.00352093","2.52128"
"0.0148","2.51806","-0.000988272","0.00448719","2.52096"
"0.0149","2.51838","-0.00131036","0.00384302","2.52128"
"0.015","2.51838","-0.0003441","0.00352093","2.51999"
"0.0151","2.51742","-0.000988272","0.00448719","2.52031"
"0.0152","2.51581","-0.00131036","0.00577553","2.51999"
"0.0153","2.51774","-0.00131036","0.0041651","2.52064"
"0.0154","2.51838","-0.000666186","0.00480928","2.52096"
"0.0155","2.51806","-0.000988272","0.00609762","2.52064"
"0.0156","2.51709","-0.00131036","0.00158842","2.52064"
"0.0157","2.51677","-0.00131036","0.00609762","2.52096"
"0.0158","2.51613","-2.20E-05","0.00384302","2.52096"
"0.0159","2.51613","-0.00131036","0.0041651","2.52096"
"0.016","2.51838","-0.000666186","0.00319885","2.52128"
"0.0161","2.51838","-0.000988272","0.00352093","2.52031"
"0.0162","2.51838","-0.000666186","0.0041651","2.52128"
"0.0163","2.51709","-0.00131036","0.0041651","2.51935"
"0.0164","2.51742","-0.000988272","0.00384302","2.52096"
"0.0165","2.51709","-0.000988272","0.00513136","2.52031"
"0.0166","2.51677","-0.000988272","0.00448719","2.52064"
"0.0167","2.51742","-0.00163244","0.00448719","2.52096"
"0.0168","2.51806","-0.000666186","0.00223259","2.51999"
"0.0169","2.51645","-0.000988272","0.00513136","2.52064"
"0.017","2.51742","-0.0003441","0.00480928","2.52031"
"0.0171","2.51967","-0.000988272","0.00577553","2.52031"
"0.0172","2.51774","-0.0003441","0.00513136","2.52096"
"0.0173","2.51774","-0.000988272","0.00126633","2.52064"
"0.0174","2.51677","-0.000666186","0.00384302","2.52064"
"0.0175","2.51613","-0.00131036","0.00319885","2.52031"
"0.0176","2.51709","-0.000666186","0.00480928","2.52096"
"0.0177","2.5187","-0.00131036","0.00513136","2.52064"
"0.0178","2.51709","-0.000988272","0.00448719","2.51999"
"0.0179","2.51742","-0.000988272","0.00545345","2.52096"
"0.018","2.51935","-0.000666186","0.00319885","2.52031"
"0.0181","2.51774","-0.00131036","0.00513136","2.52128"
"0.0182","2.51903","-0.0003441","0.00287676","2.52064"
"0.0183","2.51709","-0.000988272","0.00480928","2.52031"
"0.0184","2.51935","-0.000666186","0.00384302","2.52064"
"0.0185","2.51709","-0.00131036","0.00513136","2.52096"
"0.0186","2.51742","-0.0003441","0.00319885","2.51999"
"0.0187","2.51645","-0.00163244","0.00352093","2.52096"
"0.0188","2.51613","-0.0003441","0.0041651","2.52096"
"0.0189","2.51742","-0.000666186","0.00384302","2.52064"
"0.019","2.51581","-0.000666186","0.00545345","2.52096"
"0.0191","2.51452","-0.00163244","0.00545345","2.52064"
"0.0192","2.5187","-0.000988272","0.00255467","2.52064"
"0.0193","2.51645","-0.000988272","0.00577553","2.52031"
"0.0194","2.51645","-0.000666186","0.00480928","2.51999"
"0.0195","2.51774","-0.00131036","0.00513136","2.52031"
"0.0196","2.51838","-0.000666186","0.00738597","2.51999"
"0.0197","2.51742","-0.00163244","0.00577553","2.51935"
"0.0198","2.51774","-0.000666186","0.00448719","2.52128"
"0.0199","2.51742","-0.00131036","0.00448719","2.52031"
"0.02","2.51742","-0.000666186","0.00480928","2.52064"
"0.0201","2.51806","-0.000988272","0.00287676","2.52096"
"0.0202","2.51774","-0.000988272","0.00448719","2.52031"
"0.0203","2.51742","-0.000988272","0.00319885","2.52031"
"0.0204","2.51709","-0.000666186","0.00287676","2.52128"
"0.0205","2.51806","-0.00163244","0.0041651","2.52064"
"0.0206","2.51903","-0.0003441","0.00319885","2.52031"
"0.0207","2.51742","-0.00131036","0.00674179","2.52031"
"0.0208","2.51581","-0.0003441","0.00384302","2.52031"
"0.0209","2.51742","-0.000988272","0.00513136","2.51999"
"0.021","2.51774","-2.20E-05","0.00480928","2.52064"
"0.0211","2.51774","-0.00131036","0.00480928","2.51999"
"0.0212","2.51935","-0.000666186","0.00448719","2.52031"
"0.0213","2.51613","-0.00131036","0.00577553","2.52128"
"0.0214","2.51806","-0.000988272","0.00287676","2.52064"
"0.0215","2.51903","-0.00131036","0.00480928","2.52064"
"0.0216","2.51806","-0.000666186","0.0041651","2.52064"
"0.0217","2.52064","-0.00163244","0.00577553","2.52031"
"0.0218","2.51709","-0.0003441","0.00352093","2.52064"
"0.0219","2.51613","-0.00163244","0.00609762","2.52031"
"0.022","2.51709","-0.00131036","0.00641971","2.52064"
"0.0221","2.51774","-0.00163244","0.00609762","2.52064"
"0.0222","2.51709","-2.20E-05","0.00577553","2.52128"
"0.0223","2.51645","-0.000988272","0.00319885","2.51999"
"0.0224","2.51742","-0.000988272","0.00287676","2.51999"
"0.0225","2.51581","-0.00131036","0.00480928","2.51967"
"0.0226","2.51774","-0.000666186","0.0041651","2.51999"
"0.0227","2.51742","-0.00163244","0.00480928","2.52031"
"0.0228","2.51806","-0.0003441","0.00513136","2.51999"
"0.0229","2.51838","-0.00131036","0.00448719","2.52064"
"0.023","2.51613","-0.0003441","0.00352093","2.52128"
"0.0231","2.51645","-0.000666186","0.0041651","2.52128"
"0.0232","2.51613","-0.0003441","0.00545345","2.52096"
"0.0233","2.51967","-0.00163244","0.00674179","2.51999"
"0.0234","2.51709","-0.000666186","0.00577553","2.5216"
"0.0235","2.51709","-0.000988272","0.0041651","2.52064"
"0.0236","2.51677","-0.0003441","0.0041651","2.51967"
"0.0237","2.51742","-0.000988272","0.0041651","2.52128"
"0.0238","2.51742","-0.000666186","0.00384302","2.52031"
"0.0239","2.51806","-0.00195453","0.00448719","2.51967"
"0.024","2.51709","-0.0003441","0.00641971","2.52031"
"0.0241","2.51806","-0.000988272","0.00384302","2.52064"
"0.0242","2.51774","-0.00131036","0.00609762","2.52031"
"0.0243","2.51613","-0.000988272","0.00287676","2.52031"
"0.0244","2.51742","-0.000666186","0.0041651","2.51999"
"0.0245","2.5187","-0.000666186","0.00448719","2.51999"
"0.0246","2.51742","-0.000988272","0.00513136","2.51999"
"0.0247","2.51806","-0.000666186","0.00674179","2.52031"
"0.0248","2.51677","-0.000988272","0.0041651","2.51967"
"0.0249","2.51677","-0.000666186","0.00384302","2.51967"
"0.025","2.51516","-0.000666186","0.00609762","2.5216"
"0.0251","2.51581","-0.00131036","0.00352093","2.52031"
"0.0252","2.5187","-0.000666186","0.00480928","2.52096"
"0.0253","2.5187","-0.00163244","0.00513136","2.52064"
"0.0254","2.51742","-0.0003441","0.00223259","2.52128"
"0.0255","2.51774","-0.00131036","0.00448719","2.52031"
"0.0256","2.51613","-0.0003441","0.0041651","2.51999"
"0.0257","2.5187","-0.00131036","0.00480928","2.52031"
"0.0258","2.51935","-0.000666186","0.00448719","2.52128"
"0.0259","2.51677","-0.000988272","0.00448719","2.51999"
"0.026","2.51709","-0.000988272","0.00352093","2.52031"
"0.0261","2.51709","-0.00163244","0.00609762","2.52031"
"0.0262","2.51548","-0.000666186","0.00384302","2.52031"
"0.0263","2.51709","-0.00131036","0.00448719","2.52128"
"0.0264","2.52064","-0.000666186","0.00480928","2.52031"
"0.0265","2.51742","-0.00131036","0.00384302","2.52064"
"0.0266","2.51581","-0.00131036","0.00448719","2.52031"
"0.0267","2.51709","-0.00163244","0.00287676","2.52031"
"0.0268","2.51548","-0.000666186","0.00352093","2.51999"
"0.0269","2.51806","-0.00163244","0.00448719","2.5216"
"0.027","2.51903","-0.0003441","0.00352093","2.52064"
"0.0271","2.51806","-0.00163244","0.00480928","2.52064"
"0.0272","2.52031","-0.000988272","0.0041651","2.52096"
"0.0273","2.51806","-0.000666186","0.00609762","2.52064"
"0.0274","2.51742","-0.0003441","0.0041651","2.51967"
"0.0275","2.51742","-0.0003441","0.00384302","2.52096"
"0.0276","2.51709","-0.000666186","0.00480928","2.52064"
"0.0277","2.51806","-0.000988272","0.0041651","2.52064"
"0.0278","2.51838","-0.0003441","0.00480928","2.52064"
"0.0279","2.5187","-0.00131036","0.00545345","2.52128"
"0.028","2.51677","-0.000666186","0.00609762","2.52128"
"0.0281","2.51548","-0.00131036","0.00609762","2.52096"
"0.0282","2.51677","-0.000988272","0.0041651","2.52064"
"0.0283","2.51903","-0.00131036","0.0041651","2.52096"
"0.0284","2.51742","-0.0003441","0.00448719","2.52096"
"0.0285","2.51838","-0.000988272","0.00513136","2.5216"
"0.0286","2.51967","-0.000666186","0.00545345","2.52031"
"0.0287","2.52031","-0.00131036","0.00480928","2.52064"
"0.0288","2.51806","-0.000666186","0.00223259","2.52064"
"0.0289","2.51613","-0.00195453","0.00448719","2.52031"
"0.029","2.51838","-0.000666186","0.00287676","2.52096"
"0.0291","2.51613","-0.00163244","0.0041651","2.52031"
"0.0292","2.51967","-2.20E-05","0.00513136","2.52096"
"0.0293","2.51613","-0.000988272","0.00352093","2.52031"
"0.0294","2.51806","-0.000988272","0.00513136","2.52096"
"0.0295","2.51774","-0.00131036","0.00448719","2.52128"
"0.0296","2.51838","-0.000666186","0.00448719","2.5216"
"0.0297","2.51774","-0.000988272","0.00448719","2.5216"
"0.0298","2.51774","-0.0003441","0.0041651","2.51999"
"0.0299","2.5187","-0.00131036","0.00545345","2.52096"
"0.03","2.51645","-0.0003441","0.00448719","2.52031"
"0.0301","2.51806","-0.00163244","0.00641971","2.52064"
"0.0302","2.51742","-0.0003441","0.00352093","2.52096"
"0.0303","2.51742","-0.000988272","0.00480928","2.51999"
"0.0304","2.51645","-0.0003441","0.0041651","2.52064"
"0.0305","2.51709","-0.00131036","0.00352093","2.52096"
"0.0306","2.51645","-0.000666186","0.00319885","2.51999"
"0.0307","2.51838","-0.00131036","0.00384302","2.52193"
"0.0308","2.51967","-0.0003441","0.00480928","2.52064"
"0.0309","2.51709","-0.000988272","0.00545345","2.52064"
"0.031","2.51516","-0.0003441","0.0041651","2.52064"
"0.0311","2.51709","-0.00131036","0.00384302","2.52031"
"0.0312","2.51613","-0.0003441","0.0041651","2.52064"
"0.0313","2.51677","-0.000988272","0.00352093","2.51999"
"0.0314","2.51935","-0.000666186","0.00384302","2.52031"
"0.0315","2.51709","-0.000666186","0.00513136","2.52031"
"0.0316","2.51935","-0.0003441","0.00448719","2.51999"
"0.0317","2.51903","-0.000666186","0.00448719","2.51967"
"0.0318","2.51677","-0.000666186","0.00480928","2.52031"
"0.0319","2.51613","-0.000666186","0.00352093","2.52031"
"0.032","2.51806","-0.000666186","0.00480928","2.51999"
"0.0321","2.51645","-0.000988272","0.00641971","2.52031"
"0.0322","2.5187","-0.000988272","0.00352093","2.52064"
"0.0323","2.51838","-0.000666186","0.00448719","2.52064"
"0.0324","2.51709","-0.000988272","0.00319885","2.52064"
"0.0325","2.51709","-0.00163244","0.00448719","2.51999"
"0.0326","2.51999","-0.000666186","0.0041651","2.51999"
"0.0327","2.51484","-0.000988272","0.0041651","2.52064"
"0.0328","2.51742","-0.000988272","0.00352093","2.52064"
"0.0329","2.51935","-0.000988272","0.0041651","2.52064"
"0.033","2.51677","-0.0003441","0.0041651","2.52064"
"0.0331","2.51742","-0.000988272","0.00384302","2.51999"
"0.0332","2.51709","-0.000666186","0.00480928","2.52064"
"0.0333","2.51774","-0.00131036","0.00641971","2.51999"
"0.0334","2.51806","-0.000666186","0.00545345","2.51967"
"0.0335","2.51742","-0.00131036","0.00577553","2.51999"
"0.0336","2.51581","-0.000988272","0.00480928","2.52031"
"0.0337","2.51581","-0.00131036","0.0041651","2.51999"
"0.0338","2.51903","-0.0003441","0.0041651","2.51935"
"0.0339","2.51548","-0.0003441","0.00384302","2.52064"
"0.034","2.51935","-0.000666186","0.00545345","2.52031"
"0.0341","2.51709","-0.000988272","0.00448719","2.52031"
"0.0342","2.51806","-0.0003441","0.00448719","2.52128"
"0.0343","2.51838","-0.00163244","0.00448719","2.51999"
"0.0344","2.51516","-0.000666186","0.00384302","2.52096"
"0.0345","2.51677","-0.000988272","0.00577553","2.52128"
"0.0346","2.51709","-0.000666186","0.00513136","2.52031"
"0.0347","2.51806","-0.000988272","0.0041651","2.52031"
"0.0348","2.51838","-2.20E-05","0.00513136","2.52064"
"0.0349","2.51677","-0.00131036","0.00480928","2.52096"
"0.035","2.5187","-0.0003441","0.00319885","2.52096"
"0.0351","2.51742","-0.00131036","0.0041651","2.52096"
"0.0352","2.51806","-0.0003441","0.00609762","2.51999"
"0.0353","2.51838","-0.000988272","0.00641971","2.52064"
"0.0354","2.5187","-0.00131036","0.00609762","2.52031"
"0.0355","2.51709","-0.000988272","0.00545345","2.52096"
"0.0356","2.51581","-2.20E-05","0.00352093","2.52031"
"0.0357","2.51709","-0.00131036","0.0041651","2.52031"
"0.0358","2.51838","-0.00131036","0.00352093","2.52096"
"0.0359","2.51677","-0.00163244","0.00513136","2.52096"
"0.036","2.51742","-0.000988272","0.00706388","2.52064"
"0.0361","2.51742","-0.00131036","0.00577553","2.52064"
"0.0362","2.51774","-0.000988272","0.00255467","2.52031"
"0.0363","2.51774","-0.00195453","0.00513136","2.52096"
"0.0364","2.51742","-0.000988272","0.00480928","2.52128"
"0.0365","2.51645","-0.00131036","0.00319885","2.52096"
"0.0366","2.51613","-2.20E-05","0.0041651","2.52064"
"0.0367","2.51838","-0.000666186","0.0041651","2.52128"
"0.0368","2.51838","-0.000666186","0.0041651","2.5216"
"0.0369","2.5187","-0.00131036","0.00352093","2.51999"
"0.037","2.51774","-0.0003441","0.0041651","2.52031"
"0.0371","2.51838","-0.00163244","0.00513136","2.51999"
"0.0372","2.51581","-0.000988272","0.00223259","2.52096"
"0.0373","2.51806","-0.00131036","0.00545345","2.52064"
"0.0374","2.51774","-0.000666186","0.00480928","2.52031"
"0.0375","2.51613","-0.00131036","0.00513136","2.52064"
"0.0376","2.51709","-0.000666186","0.0041651","2.5216"
"0.0377","2.51742","-0.00195453","0.00545345","2.52064"
"0.0378","2.51838","-0.000666186","0.00513136","2.52031"
"0.0379","2.51967","-0.00131036","0.0041651","2.52064"
"0.038","2.51677","-0.000988272","0.00223259","2.52064"
"0.0381","2.51645","-0.00163244","0.0041651","2.51967"
"0.0382","2.51709","-0.000666186","0.00545345","2.52031"
"0.0383","2.51581","-0.00131036","0.00513136","2.52031"
"0.0384","2.51838","-0.000666186","0.00319885","2.52128"
"0.0385","2.51677","-0.000988272","0.0041651","2.51999"
"0.0386","2.51613","-0.000666186","0.0041651","2.52064"
"0.0387","2.51774","-0.00195453","0.0041651","2.52096"
"0.0388","2.51967","-2.20E-05","0.00513136","2.52031"
"0.0389","2.51709","-0.000988272","0.00255467","2.52064"
"0.039","2.51903","-0.0003441","0.0041651","2.52064"
"0.0391","2.51774","-0.00131036","0.00384302","2.51967"
"0.0392","2.51677","-0.000666186","0.00513136","2.52096"
"0.0393","2.51838","-0.00131036","0.00545345","2.52096"
"0.0394","2.51838","-0.000666186","0.00319885","2.52031"
"0.0395","2.51774","-0.00131036","0.00287676","2.52064"
"0.0396","2.51548","-0.0003441","0.0041651","2.52064"
"0.0397","2.51742","-0.00163244","0.00480928","2.52031"
"0.0398","2.51709","-2.20E-05","0.0041651","2.51999"
"0.0399","2.51774","-0.000666186","0.00545345","2.52031"
"0.04","2.51806","-0.000666186","0.00384302","2.51999"
"0.0401","2.51709","-0.000988272","0.00384302","2.52096"
"0.0402","2.51935","-0.0003441","0.0041651","2.51999"
"0.0403","2.51774","-0.00163244","0.00480928","2.52096"
"0.0404","2.51742","-0.000666186","0.00480928","2.51935"
"0.0405","2.51806","-0.000988272","0.00513136","2.52031"
"0.0406","2.51774","-0.000666186","0.00480928","2.52031"
"0.0407","2.51774","-0.000666186","0.00577553","2.52031"
"0.0408","2.51999","-0.00131036","0.00319885","2.52128"
"0.0409","2.51677","-0.000988272","0.00448719","2.52064"
"0.041","2.51806","-0.0003441","0.0041651","2.52128"
"0.0411","2.52031","-0.000988272","0.00319885","2.52031"
"0.0412","2.51806","-0.000666186","0.00255467","2.52128"
"0.0413","2.51645","-0.00195453","0.00352093","2.52064"
"0.0414","2.51581","-0.000666186","0.00803014","2.52064"
"0.0415","2.51999","-0.000988272","0.00319885","2.52031"
"0.0416","2.51742","-0.0003441","0.00352093","2.52193"
"0.0417","2.51935","-0.000666186","0.00480928","2.52128"
"0.0418","2.51709","-0.000666186","0.00448719","2.52064"
"0.0419","2.51742","-0.00131036","0.00480928","2.52064"
"0.042","2.51806","-0.000666186","0.00448719","2.52064"
"0.0421","2.51709","-0.00163244","0.00545345","2.51999"
"0.0422","2.51742","-0.000666186","0.00287676","2.52096"
"0.0423","2.51806","-0.00131036","0.0041651","2.52064"
"0.0424","2.51677","-0.000988272","0.00480928","2.52031"
"0.0425","2.51581","-0.000988272","0.00287676","2.51935"
"0.0426","2.51645","-0.0003441","0.0041651","2.52031"
"0.0427","2.51838","-0.000988272","0.00287676","2.52064"
"0.0428","2.51613","-0.000666186","0.00287676","2.52064"
"0.0429","2.51967","-0.000988272","0.00448719","2.52064"
"0.043","2.51774","-0.000988272","0.00480928","2.52031"
"0.0431","2.51935","-0.000988272","0.0041651","2.51967"
"0.0432","2.51677","-0.000666186","0.00609762","2.52031"
"0.0433","2.51774","-0.000988272","0.00577553","2.52031"
"0.0434","2.51516","-0.0003441","0.00352093","2.52064"
"0.0435","2.51709","-0.00163244","0.00255467","2.52096"
"0.0436","2.51903","-0.000666186","0.00480928","2.52064"
"0.0437","2.51742","-0.00163244","0.00513136","2.52064"
"0.0438","2.51903","-0.0003441","0.00448719","2.52064"
"0.0439","2.51709","-0.000988272","0.00577553","2.52064"
"0.044","2.51548","-0.0003441","0.00384302","2.52064"
"0.0441","2.51581","-0.00163244","0.00480928","2.51999"
"0.0442","2.51838","-0.000666186","0.00577553","2.51999"
"0.0443","2.51709","-0.00131036","0.00319885","2.52031"
"0.0444","2.51774","-2.20E-05","0.00513136","2.51999"
"0.0445","2.51645","-0.00131036","0.00545345","2.51967"
"0.0446","2.51709","-0.000666186","0.00480928","2.52096"
"0.0447","2.51774","-0.00131036","0.00706388","2.52031"
"0.0448","2.51806","-0.000988272","0.00545345","2.52064"
"0.0449","2.51838","-0.00131036","0.00577553","2.52064"
"0.045","2.5187","-0.00131036","0.00480928","2.51999"
"0.0451","2.51742","-0.00131036","0.00384302","2.51999"
"0.0452","2.51677","-0.000666186","0.00319885","2.51999"
"0.0453","2.51742","-0.000988272","0.00480928","2.52064"
"0.0454","2.51806","-0.000988272","0.00352093","2.52064"
"0.0455","2.51613","-0.000988272","0.0041651","2.52128"
"0.0456","2.51774","-0.000666186","0.00480928","2.51967"
"0.0457","2.51806","-0.00131036","0.00352093","2.52128"
"0.0458","2.51999","-0.000988272","0.00545345","2.52064"
"0.0459","2.51806","-0.00131036","0.00674179","2.52096"
"0.046","2.51645","-0.00131036","0.00480928","2.52064"
"0.0461","2.51774","-0.00131036","0.00319885","2.52064"
"0.0462","2.51709","0.000300072","0.00223259","2.52031"
"0.0463","2.51677","-0.000988272","0.00352093","2.52031"
"0.0464","2.51742","-2.20E-05","0.00255467","2.51967"
"0.0465","2.51613","-0.000666186","0.00319885","2.52064"
"0.0466","2.51935","-0.000988272","0.00448719","2.52128"
"0.0467","2.5187","-0.000988272","0.00513136","2.51999"
"0.0468","2.51742","-0.000666186","0.00577553","2.52064"
"0.0469","2.51742","-0.00131036","0.00641971","2.52096"
"0.047","2.51838","-0.000988272","0.00319885","2.51999"
"0.0471","2.51935","-0.00131036","0.00448719","2.51999"
"0.0472","2.51709","-0.00131036","0.00352093","2.52096"
"0.0473","2.5187","-0.00131036","0.00448719","2.52064"
"0.0474","2.51838","-0.000988272","0.00352093","2.52031"
"0.0475","2.51774","-0.000988272","0.00352093","2.52064"
"0.0476","2.51806","-0.000666186","0.00641971","2.52064"
"0.0477","2.51838","-0.00131036","0.00352093","2.52096"
"0.0478","2.51709","-0.000988272","0.00480928","2.51967"
"0.0479","2.5187","-0.00131036","0.0041651","2.52064"
"0.048","2.51838","-0.0003441","0.00319885","2.52096"
"0.0481","2.52064","-0.000988272","0.00319885","2.51999"
"0.0482","2.5187","-0.000666186","0.00513136","2.52128"
"0.0483","2.51581","-0.000988272","0.00448719","2.52031"
"0.0484","2.51967","-0.0003441","0.00287676","2.52064"
"0.0485","2.51903","-0.00131036","0.00384302","2.52064"
"0.0486","2.5187","-0.000988272","0.00545345","2.52031"
"0.0487","2.51548","-0.000988272","0.00352093","2.52031"
"0.0488","2.51645","-0.000666186","0.00480928","2.52064"
"0.0489","2.51774","-0.000988272","0.00545345","2.52064"
"0.049","2.51903","-0.000988272","0.0041651","2.52064"
"0.0491","2.51774","-0.000988272","0.00384302","2.52096"
"0.0492","2.51806","-0.0003441","0.00352093","2.52031"
"0.0493","2.5187","-0.00131036","0.00513136","2.52096"
"0.0494","2.51742","-0.00131036","0.00448719","2.51967"
"0.0495","2.51645","-0.000988272","0.0019105","2.51806"
"0.0496","2.51097","-0.0003441","-0.0003441","2.49873"
"0.0497","2.45171","-0.0628288","-0.526632","-5.14666"
"0.0498","-2.50875","0.105622","-0.582031","-2.74581"
"0.0499","-2.50166","0.0344412","-0.175881","-2.49458"